context,drug,beta,r,se,beta_lb,p,n_models,df,q
EXPR_LOW:TEF,5-Fluorouracil,-1.6147491642881795,-0.2010956612650445,0.3094726671326907,1.0081827367081058,2.4432598189809034e-07,711,646,0.0015075655339259
EXPR_LOW:CCDC148,5-Fluorouracil,-0.7694469316528734,-0.1983143653578243,0.1496220746301303,0.4761876653778178,3.596855576060067e-07,711,646,0.0018517995699565
EXPR_LOW:STK32A,5-Fluorouracil,-0.7335289903514267,-0.183325119032736,0.1547589194300895,0.4302015082684513,2.6329603384537657e-06,711,646,0.0057489229510443
EXPR_LOW:ZNF467,5-Fluorouracil,-0.682623418110694,-0.1984619368023108,0.1326361468429289,0.4226565702985534,3.52428784693227e-07,711,646,0.0018517266276075
EXPR_LOW:ZNF70,5-Fluorouracil,-0.6147437684150773,-0.1751125224627175,0.1359871132261538,0.3482090264918157,7.335280254312671e-06,711,646,0.0098433907806902
EXPR_LOW:ZNF610,5-Fluorouracil,-0.61243038210759,-0.1775040825868202,0.1335919251904919,0.3505902087342259,5.469070399243782e-06,711,646,0.0085642834008192
EXPR_LOW:EVA1A,5-azacytidine,-0.7255114241738537,-0.2317673061244309,0.1343139904625882,0.4622560028671808,1.011512820729628e-07,574,514,0.0008321788531914
EXPR_LOW:SOWAHB,5-azacytidine,-0.6587107349577918,-0.2027839957404354,0.1403011820588904,0.3837204181223666,3.425129360934763e-06,574,514,0.0066385407853085
EXPR_LOW:EDN1,5-azacytidine,-0.6473569948231327,-0.1987861658658535,0.1407735974932711,0.3714407437363213,5.362308258822591e-06,574,514,0.0084797359610579
EXPR_LOW:CRACDL,5-azacytidine,-0.6395406302746336,-0.2027346376509593,0.1362526580316859,0.3724854205325291,3.4443259429886218e-06,574,514,0.006668024706386
EXPR_LOW:CDH3,5-azacytidine,-0.6386192155393281,-0.1992811614189406,0.1385143300690405,0.3671311286040087,5.075267957598371e-06,574,514,0.0082370044239819
EXPR_LOW:TTYH1,5-azacytidine,-0.6288492164533396,-0.2193379905998087,0.1233799753942899,0.3870244646805312,4.86104504739745e-07,574,514,0.0021991051995675
EXPR_LOW:BMPR1A,ABT737,-1.830600609047835,-0.2019363671442158,0.3515023416002259,1.1416560195113925,2.579839824380947e-07,703,638,0.001557341475856
EXPR_LOW:BCL3,ABT737,-1.3691115591181835,-0.178031258138153,0.2995975759001438,0.7819003103539016,5.861704704216406e-06,703,638,0.0088736379033823
EXPR_LOW:YAP1,ABT737,-1.2221293687162054,-0.1785158950183418,0.2666841803108151,0.6994283753070079,5.5234917129974755e-06,703,638,0.008602070701174
EXPR_LOW:SEMA3C,ABT737,-1.1934074368370635,-0.2061483388773,0.2242686667953991,0.7538408499180812,1.4280054270185985e-07,703,638,0.0010389357573461
EXPR_LOW:GRAMD2A,AZD2014,-0.7463578113658609,-0.1998641583282782,0.164625304670555,0.423692214211573,7.28153901263197e-06,554,494,0.0098163167198499
EXPR_LOW:SGK1,AZD4547,-0.939640390235798,-0.1791713016838121,0.203788151252332,0.5402156137812272,4.841764899378432e-06,706,641,0.0080345112076991
EXPR_LOW:CDCP1,AZD4547,-0.8431970247120547,-0.1928942333161197,0.1694131045162178,0.5111473398602678,8.30148222805959e-07,706,641,0.0030198438194004
EXPR_LOW:ICAM1,AZD4547,-0.6441279082458086,-0.1758265696421583,0.1424424838181609,0.3649406399622131,7.297490911157123e-06,706,641,0.0098233426601473
EXPR_LOW:HRCT1,AZD4547,-0.5905438616268907,-0.1806484713466439,0.1269943187498745,0.3416349968771366,4.02961258479824e-06,706,641,0.0072397480029087
MUT_DAM:PTEN,AZD5363,-0.9719082483448552,-0.2086590510798065,0.1536481467676611,0.6707578806802397,4.0133013845139465e-10,947,879,2.301529191866896e-05
EXPR_LOW:CHMP4C,AZD5363,-0.7919443087620978,-0.1818774032562465,0.169379511815665,0.4599604656033944,3.5782135237606355e-06,704,639,0.0067802312731242
EXPR_LOW:STK32A,AZD5363,-0.6469923583720486,-0.1810445904847729,0.139035737426047,0.3744823130169964,3.970728092564749e-06,704,639,0.007175337503737
EXPR_LOW:CCDC148,AZD5363,-0.6312273714539216,-0.1822264298522475,0.1347382474565991,0.3671404064389874,3.424999392171338e-06,704,639,0.0066385407853085
EXPR_LOW:KLRC2,AZD5363,-0.6152343712434686,-0.1809692516837797,0.1322679945711949,0.3559891018839264,4.0081992809724285e-06,704,639,0.0072096412262255
EXPR_LOW:ICAM2,AZD5363,-0.5832198280752351,-0.1810001604052595,0.1253631160073656,0.3375081207007985,3.992785518265494e-06,704,639,0.0071991606945917
EXPR_LOW:CREBRF,AZD5438,-1.056506811478199,-0.2130405966970691,0.2180019053668819,0.6292230769591104,1.686707349999023e-06,554,494,0.0045237537528826
EXPR_LOW:GPR39,AZD5438,-0.8552257161616299,-0.2059529133004699,0.1828258668004251,0.4968870172327966,3.747997970455385e-06,554,494,0.0069400820615018
EXPR_LOW:TFF3,AZD7762,-0.640828194320059,-0.1782552393046227,0.1397199605632617,0.3669770716160659,5.4216300213946626e-06,706,641,0.0085220066144012
EXPR_LOW:RORA,AZD7762,-0.5703813813779255,-0.2022230203046922,0.109103580529824,0.3565383635394702,2.3234251747852843e-07,706,641,0.0014427552804455
EXPR_LOW:LMNTD2,AZD7762,-0.5494790219311078,-0.1853250597960751,0.1150797380534386,0.323922735346368,2.231190886820123e-06,706,641,0.0053134151849735
EXPR_LOW:PLEKHG6,AZD8055,-0.7182844335979824,-0.199527630346415,0.1548417360536089,0.4147946309329088,4.441116032954601e-06,579,519,0.0076315458097196
EXPR_LOW:SPINT1,AZD8055,-0.7161948139305385,-0.2043808576802478,0.1505711646226519,0.4210753312701407,2.5559587534499807e-06,579,519,0.0056696806289156
EXPR_LOW:GRAMD2A,AZD8055,-0.68071515066082,-0.1981369389138727,0.1478153790539658,0.3909970077150468,5.190128747519274e-06,579,519,0.0083427832431764
EXPR_LOW:TMPRSS3,AZD8055,-0.621789130293281,-0.2045477320104857,0.1306122309749081,0.365789157582461,2.5072656739645744e-06,579,519,0.0056112339092214
EXPR_LOW:TUBA8,AZD8055,-0.6106142927322258,-0.2079320542363232,0.1260852589491878,0.3634871851918176,1.6915943029750077e-06,579,519,0.0045290399967613
EXPR_LOW:SLC16A1,Afatinib,-2.943498206926251,-0.2729722930147142,0.4084607279084979,2.1429151802255952,1.611382893407626e-12,710,645,1.8481765574661666e-07
EXPR_LOW:DOK1,Afatinib,-1.3543164855092429,-0.1786819770711789,0.2936388783320483,0.7787842839784279,4.806691895595153e-06,710,645,0.0079967276152745
EXPR_LOW:LIX1L,Afatinib,-0.8957246556442567,-0.2086250009771663,0.1653351788404685,0.5716677051169383,8.536620420224265e-08,710,645,0.0007464053399677
EXPR_LOW:DYRK3,Afatinib,-0.6698777483995108,-0.1835429271010368,0.1412657001039045,0.3929969761958578,2.6068815761525088e-06,710,645,0.0057229704316204
EXPR_LOW:MAF,Afatinib,-0.6595782800068671,-0.1830542319090065,0.1394779820471794,0.3862014351943955,2.7743128794263173e-06,710,645,0.0059378700782782
EXPR_LOW:ZEB1,Afatinib,-0.625705553477735,-0.1806059315250034,0.1341704978112467,0.3627313777676914,3.7802175265369817e-06,710,645,0.0069760847755689
MUT_HOT:PTEN,Afuresertib,-1.1808228856949496,-0.1615928801108095,0.2433715072255406,0.70381473153289,1.4463613918191675e-06,946,878,0.0041594964359163
MUT_DAM:PTEN,Afuresertib,-1.1381580748317703,-0.2377819021228983,0.1569055196371618,0.8306232563429332,8.903862905779172e-13,946,878,1.188180230754809e-07
EXPR_LOW:EPB41L1,Alisertib,-1.6648362680479425,-0.1874875348462975,0.3469525919408038,0.9848091878439672,1.997108076245519e-06,697,632,0.0050400088523864
EXPR_LOW:CAPN8,Alisertib,-0.9531910755460968,-0.1781948605068781,0.2093723091470108,0.5428213496179557,6.356971481508638e-06,697,632,0.0092040628667609
EXPR_LOW:C14orf28,Alisertib,-0.779374163431343,-0.1993933583813725,0.1523586764859511,0.4807511575188788,4.157501620731142e-07,697,632,0.002016508253763
MUT_HOT:PIK3CA,Alpelisib,-1.3015756618263463,-0.278962070986082,0.1505273054738046,1.0065421430976895,2.4565742462604092e-17,954,886,5.9873347131831066e-12
EXPR_LOW:GSDMD,Axitinib,-0.99890327011622,-0.2068281326835484,0.1867799267152056,0.6328146137544168,1.2391923903177152e-07,705,640,0.0009645861454767
EXPR_LOW:IKBKE,Axitinib,-0.9788019846359702,-0.191481976069672,0.1983195576296349,0.5900956516818858,1.0209485847602543e-06,705,640,0.0034214604863678
EXPR_LOW:GPRC5A,Axitinib,-0.9455102950844,-0.2092722109578654,0.1746386034159347,0.6032186323891678,8.722164170910608e-08,705,640,0.0007558495668919
EXPR_LOW:TRIM38,Axitinib,-0.8956709608287582,-0.2105980706924405,0.1643437524983168,0.5735572059320572,7.196419966003543e-08,705,640,0.0006778596518083
EXPR_LOW:GPR39,Axitinib,-0.8649561942190478,-0.2156372080751755,0.1548249362954152,0.5614993190800339,3.4257562023174955e-08,705,640,0.0004737300890338
EXPR_LOW:ARHGAP29,Axitinib,-0.8536671198366192,-0.2009973211896707,0.1644574056864142,0.5313306046912474,2.815629389737678e-07,705,640,0.0016150995290443
EXPR_LOW:SP100,BI-2536,-1.782061438693353,-0.1921715001488032,0.368466261542331,1.0598675660703845,1.675744949204343e-06,675,610,0.0045005431320631
EXPR_LOW:GSDMD,BI-2536,-1.5961551407296497,-0.2127033396613498,0.2968809739093927,1.01426843186724,1.0834696968752557e-07,675,610,0.0008670545762524
EXPR_LOW:MYOF,BI-2536,-1.4948062663376396,-0.1909342984071091,0.3111514572923781,0.8849494100445784,1.958749813319487e-06,675,610,0.004998955138753
EXPR_LOW:EPAS1,BI-2536,-1.329869758773364,-0.1878787626888936,0.2814900149807116,0.7781493294111693,2.8673367981494436e-06,675,610,0.0059689104735356
EXPR_LOW:C11orf52,BI-2536,-1.2321245699725698,-0.2087614277115776,0.2337025569016268,0.7740675584453813,1.8737886698276634e-07,675,610,0.0012427017445743
EXPR_LOW:PRSS22,BI-2536,-1.2219601890317615,-0.2021918145351645,0.2396429719802791,0.7522599639504146,4.561149668751575e-07,675,610,0.0021134380548828
EXPR_LOW:PLAAT4,Bromosporine,-0.603837333464157,-0.225774981854512,0.1175824149291916,0.3733758002029415,4.065864986932431e-07,551,491,0.0019819221513401
EXPR_LOW:PLAAT2,Bromosporine,-0.5596850786790011,-0.200867263849862,0.1231830016925685,0.3182463953615667,6.971892339006502e-06,551,491,0.0096126381068187
EXPR_LOW:STK32A,Buparlisib,-0.5445631511730863,-0.230915067159371,0.0907709217539593,0.366652144535326,3.318466852503646e-09,704,639,9.803636006789772e-05
EXPR_LOW:CCDC148,Buparlisib,-0.4734457466477945,-0.2071158723914193,0.0884679064419786,0.3000486500215163,1.216518301944253e-07,704,639,0.0009603185625197
EXPR_LOW:SYT13,Buparlisib,-0.4206370248731751,-0.1793892190118232,0.0912552616699134,0.2417767120001448,4.8765450788919e-06,704,639,0.0080561473249843
EXPR_LOW:CRYAB,Camptothecin,-0.77557612084781,-0.2027084120023026,0.1474093950760532,0.4866537064987457,1.9475543390924266e-07,711,646,0.0012700242846929
EXPR_LOW:PRODH,Camptothecin,-0.6768627818593302,-0.1867319185544985,0.1401067282998995,0.4022535943915272,1.697969571299312e-06,711,646,0.0045290399967613
EXPR_LOW:TMEM191C,Camptothecin,-0.5944767312670365,-0.1834491563730367,0.1253341155148856,0.3488218648578605,2.5916070351931092e-06,711,646,0.0057053122896527
EXPR_LOW:AIFM2,Cediranib,-0.8283278211274008,-0.1897950944155512,0.1695119645982581,0.4960843705148148,1.2989942511937147e-06,704,639,0.0039574996482586
EXPR_LOW:STING1,Cediranib,-0.6520160653625267,-0.1821379897226359,0.1392455848588342,0.3790947190392116,3.463217734427786e-06,704,639,0.0066725665514536
EXPR_LOW:PARD3B,Crizotinib,-0.4774965367677927,-0.1755615708614407,0.1054296377849126,0.270854446709364,7.058516974645636e-06,710,645,0.0096648941948284
EXPR_LOW:LAMB3,Cytarabine,-0.9942513920056988,-0.1986990466776336,0.2156790998884356,0.571520356224365,5.083284732757021e-06,577,517,0.0082389608516087
EXPR_LOW:CPEB2,Cytarabine,-0.9866910877587928,-0.2074514447005802,0.2046290308453823,0.5856181873018433,1.873363390406713e-06,577,517,0.0048702852165723
EXPR_LOW:CRYAB,Cytarabine,-0.8643500582133877,-0.2029058910888014,0.1834511182011718,0.5047858665390909,3.163176053193571e-06,577,517,0.0063322497734431
EXPR_LOW:IFITM10,Cytarabine,-0.8617138913325032,-0.199106937455108,0.1865295548807792,0.4961159637661758,4.856893922477145e-06,577,517,0.0080459213936692
EXPR_LOW:SLC22A4,Cytarabine,-0.8154311727779173,-0.1964489463737341,0.1789971671141874,0.46459672523411,6.524715144464606e-06,577,517,0.0093243388247371
MUT_HOT:BRAF,Dabrafenib,-3.178738751638919,-0.4369332147012701,0.2212248943493114,2.745137958714269,3.4418238799941096e-42,943,875,6.710923270394596e-36
EXPR_LOW:GRAMD2A,Dactolisib,-0.7558605615194968,-0.210308145762012,0.1389990940303977,0.4834223372199172,7.683628006705311e-08,704,639,0.0007000776086692
EXPR_LOW:KRT23,Dactolisib,-0.7139292672214912,-0.1853544024837661,0.1497305145970728,0.4204574586112285,2.3052453571887427e-06,704,639,0.0054089100858872
EXPR_LOW:SMIM5,Dactolisib,-0.6625966195772279,-0.1817177703287063,0.1418436278810911,0.3845831089302893,3.6504534229559993e-06,704,639,0.0068531478769816
EXPR_LOW:CCDC148,Dactolisib,-0.6586748122454424,-0.1856829476717365,0.1378890111205323,0.388412350449199,2.2104888479492856e-06,704,639,0.0052948974490824
EXPR_LOW:RORA,Dactolisib,-0.5499297660044392,-0.1862839048138349,0.1147393109841292,0.3250407164755459,2.046736467666286e-06,704,639,0.0050954682172675
EXPR_LOW:HEBP1,Dasatinib,-2.2080480466562875,-0.1781384394258155,0.4813720378279848,1.2645588525134372,5.408306488652238e-06,707,642,0.0085110593417901
EXPR_LOW:EXOC6B,Dasatinib,-1.8226953798611936,-0.1832181627513192,0.3859788470578437,1.06617683962782,2.865994780012255e-06,707,642,0.0059689104735356
EXPR_LOW:TFF3,Dasatinib,-1.233657036274205,-0.2412243282517555,0.1958789011251876,0.8497343900688372,5.592669597945638e-10,707,642,2.8696517538915716e-05
EXPR_LOW:PIP5K1B,Dasatinib,-1.192183456599487,-0.2463537457003491,0.1851061470645599,0.8293754083529497,2.3346145004240033e-10,707,642,1.6257388238424032e-05
EXPR_LOW:ZSWIM5,Dasatinib,-1.143578042661176,-0.2601793666596291,0.167496155735536,0.8152855774195256,2.0057110529573357e-11,707,642,1.9553837512165304e-06
EXPR_LOW:TMEM176A,Dasatinib,-1.1238310480058211,-0.2082571986616251,0.208307663287376,0.7155480279625641,9.644792832893227e-08,707,642,0.0008078729186664
EXPR_LOW:HRCT1,Dinaciclib,-0.5914816011929388,-0.1892827511134021,0.1262158006369061,0.3440986319446028,3.4566371857536312e-06,655,591,0.0066725665514536
EXPR_LOW:CCDC148,Docetaxel,-1.1156949556178677,-0.2196179283061914,0.1949965653060531,0.7335016876180035,1.615033509146276e-08,711,646,0.0002927121064171
EXPR_LOW:TTYH1,Docetaxel,-0.8589972463758554,-0.1881089354783029,0.1764587095238544,0.5131381757091008,1.4188348857281609e-06,711,646,0.004141237838837
EXPR_LOW:NOS1AP,Docetaxel,-0.8402026577249003,-0.1869674695704234,0.1736901184366642,0.4997700255890385,1.646752134788007e-06,711,646,0.0044533476566488
EXPR_LOW:TCF7L1,Entinostat,-0.6359567438181472,-0.1971367697781937,0.1295476324504394,0.3820433842152859,1.1830219564596775e-06,660,596,0.0037385334506586
EXPR_LOW:STOX2,Entinostat,-0.570297660440886,-0.1902752069067628,0.1205281996721611,0.3340623890834502,2.784065375903676e-06,660,596,0.0059456902683274
EXPR_LOW:SYCP2,Entinostat,-0.5511869695065428,-0.1836297770238038,0.1208604547880294,0.3143004781220051,6.196211295715235e-06,660,596,0.0091411320617922
EXPR_LOW:NAV2,Epirubicin,-0.8477118610595739,-0.2017966667148551,0.1627631583378359,0.5286960707174153,2.574383149047938e-07,704,639,0.001557341475856
EXPR_LOW:CHMP4C,Epirubicin,-0.804516233935595,-0.1811647790973546,0.172768322190674,0.4658903224418738,3.91164251956523e-06,704,639,0.00709486806598
EXPR_LOW:CYP4F12,Epirubicin,-0.7175245134970879,-0.2006534491260801,0.1385849512723389,0.4458980090033036,3.016566276812742e-07,704,639,0.0017012815505616
EXPR_LOW:LURAP1L,Epirubicin,-0.7044572406294257,-0.1856209802248639,0.1475242355031273,0.4153097390432962,2.2280706476949616e-06,704,639,0.0053134151849735
EXPR_LOW:STON2,Epirubicin,-0.6213905770732424,-0.1868300020421113,0.1292565462142099,0.3680477464933909,1.908066739864763e-06,704,639,0.0049211363207091
EXPR_LOW:RORA,Epirubicin,-0.550382049045243,-0.1872025666358113,0.1142498419723576,0.326452358779422,1.8186789056498503e-06,704,639,0.0047920124717548
MUT_DAM:CD36,Fludarabine,-2.5759138506995187,-0.1806153363129013,0.5531836677622013,1.4916738618856042,3.908685079998448e-06,708,643,0.00709486806598
EXPR_LOW:IFI16,Fulvestrant,-0.49488258555377,-0.1983873157098577,0.0962696305729194,0.3061941096308479,3.635648204820624e-07,710,645,0.0018517995699565
EXPR_LOW:GBP3,Fulvestrant,-0.4883422184061919,-0.1977889052092068,0.0952965027455299,0.3015610730249532,3.947906943674046e-07,710,645,0.0019537289658088
EXPR_LOW:PADI1,Fulvestrant,-0.4547998646877705,-0.2141251832799221,0.0816923033714248,0.2946829500797779,3.7997942142638974e-08,710,645,0.0004925066044057
EXPR_LOW:IL18,Fulvestrant,-0.4460794328435389,-0.1765405140142732,0.0979292701040907,0.254138063439521,6.261446514069072e-06,710,645,0.0091619367303131
EXPR_LOW:AREG,Fulvestrant,-0.4429995148546041,-0.1870562772337248,0.0916045407804274,0.2634546149249663,1.658269976554056e-06,710,645,0.0044659134428242
EXPR_LOW:APOL6,Fulvestrant,-0.4383719240363713,-0.1924734007528674,0.0880024823810586,0.2658870585694964,8.117714802342475e-07,710,645,0.0029907913456858
EXPR_LOW:IFIT3,GSK1904529A,-0.4757670360425663,-0.1831514642337699,0.1005530008767998,0.2786831543240387,2.74020052802104e-06,710,645,0.0058842365999381
EXPR_LOW:MYLK,GSK1904529A,-0.468178118822069,-0.1764516441699998,0.1028340968653577,0.2666232889659678,6.330099880798237e-06,710,645,0.009183430081234
EXPR_LOW:PADI1,GSK1904529A,-0.4478860671322212,-0.1798263812427823,0.0964708799414165,0.2588031424470447,4.167946606699959e-06,710,645,0.007387935437172
EXPR_LOW:PPL,GSK2830371,-0.5467650043309483,-0.207612437983032,0.1143004917725785,0.3227360404566943,2.260025643996665e-06,568,508,0.0053443136952171
EXPR_LOW:GPR39,GSK2830371,-0.5313566243439858,-0.2043915517845523,0.1129080340200676,0.3100568776646532,3.260276803244838e-06,568,508,0.0064282196533858
EXPR_LOW:KRT15,GSK2830371,-0.4879236803184624,-0.1981514034582303,0.1070840836001925,0.278038876462085,6.522886801806429e-06,568,508,0.0093243388247371
EXPR_LOW:CCDC148,GSK2830371,-0.462868252750805,-0.2147128082525394,0.0934154367268658,0.2797739967661479,9.870911599203973e-07,568,508,0.0033413995435266
EXPR_LOW:ABLIM3,GSK2830371,-0.443635936715445,-0.197626760920708,0.097633323620877,0.252274622418526,6.907730736944979e-06,568,508,0.009579519142665
EXPR_LOW:MMP7,GSK2830371,-0.3870992745987004,-0.1997553847920639,0.0842460873647415,0.2219769433638069,5.46912101140554e-06,568,508,0.0085642834008192
EXPR_LOW:SYNC,Gefitinib,-0.4778098055934316,-0.1798035170154675,0.1034118341882943,0.2751226105843747,4.632902338928898e-06,704,639,0.007854768174582
EXPR_LOW:MAF,Gemcitabine,-1.223088625120755,-0.1790198070200168,0.2648748959753723,0.7039338290090252,4.688033259036651e-06,709,644,0.0078887156827443
EXPR_LOW:KHDRBS3,Gemcitabine,-1.124446902834712,-0.1778423529075276,0.2451782590769683,0.6438975150438541,5.424004218075961e-06,709,644,0.0085220066144012
EXPR_LOW:TMEM86A,Gemcitabine,-1.0682801590121984,-0.1880546692781811,0.2198567048697312,0.6373610174675253,1.4834696862066504e-06,709,644,0.0042018041349431
EXPR_LOW:SPATA25,Gemcitabine,-1.0587670119687438,-0.1955145315556795,0.2092738469136571,0.6485902720179757,5.497350221380531e-07,709,644,0.0024087239144384
EXPR_LOW:SLC16A1,Ibrutinib,-2.9488095628570603,-0.2127845655341768,0.5579401139858227,1.855246939444848,1.7713275548940617e-07,653,589,0.0012118465992187
EXPR_LOW:NMT2,Ibrutinib,-1.6773315906201598,-0.1971312059756153,0.3437154588400614,1.0036492912936392,1.3675152143886464e-06,653,589,0.0040708443439059
EXPR_LOW:SLC9B2,Ibrutinib,-1.6073855604305032,-0.2250905534980329,0.2866914355375587,1.045470346776888,3.1729137937999336e-08,653,589,0.000448304208824
EXPR_LOW:MICB,Ibrutinib,-1.0440468265946967,-0.2019427206952253,0.2086378240415287,0.6351166914733003,7.420560220029501e-07,653,589,0.0028594322225251
EXPR_LOW:ZEB1,Ibrutinib,-0.8129219143929534,-0.1995019633534396,0.1645222449350358,0.4904583143202831,1.013736059388312e-06,653,589,0.0034138148331127
MUT_DAM:PTEN,Ipatasertib,-1.0537802346165992,-0.2221669050444855,0.1559856741448473,0.7480483132926983,2.585599403761569e-11,947,879,2.291565039565803e-06
EXPR_LOW:SKAP1,Ipatasertib,-0.5845854998935058,-0.1812620774599329,0.1254689434427393,0.3386663707457367,3.864426688501241e-06,704,639,0.0070594565957708
EXPR_LOW:IL6R,Irinotecan,-0.760963687873286,-0.2021188694332554,0.145184422029196,0.4764022206960619,2.162492758404498e-07,710,645,0.0013689814870848
EXPR_LOW:CRYAB,Irinotecan,-0.6981136087500142,-0.1829433390321985,0.1477194575942093,0.4085834718653638,2.8137140538794954e-06,710,645,0.0059503521493265
EXPR_LOW:LCAT,JQ1,-1.5366895343863147,-0.187951017356107,0.3194282290771701,0.9106102053950612,1.8821602521747556e-06,697,632,0.0048730042122968
EXPR_LOW:MYOF,JQ1,-1.1079708915724369,-0.1777523663268885,0.2439960128705345,0.629738706346189,6.707558194098589e-06,697,632,0.0094497863351044
EXPR_LOW:NOS1AP,JQ1,-0.6827541835875223,-0.1794032932344299,0.1489263250267711,0.3908585865350508,5.4864254843169515e-06,697,632,0.0085720564004621
EXPR_LOW:SLC16A1,Lapatinib,-2.181453582590211,-0.1971280399560666,0.4271802467894127,1.344180298882962,4.322742518794097e-07,710,645,0.0020607707890036
EXPR_LOW:LIX1L,Lapatinib,-0.9061512065754544,-0.1994697824707313,0.1752779246408448,0.5626064742793984,3.130194235428852e-07,710,645,0.0017389602994499
EXPR_LOW:PRKG1,Lapatinib,-0.7470749318050998,-0.1856741736826848,0.1556734646466344,0.4419549410976962,1.9832848169843778e-06,710,645,0.0050221304788483
EXPR_LOW:TLCD5,Lapatinib,-0.743389701820121,-0.1779267242646223,0.1618862274796855,0.4260926959599372,5.278368190627171e-06,710,645,0.008422133184923
EXPR_LOW:MSRB3,Lapatinib,-0.6888959318281334,-0.1870590086540508,0.1424494575828283,0.4096949949657899,1.6576813538984153e-06,710,645,0.0044659134428242
EXPR_LOW:ATP8B3,Lapatinib,-0.6787769926079705,-0.1966604570332379,0.1332493976392716,0.4176081732349982,4.608398916145802e-07,710,645,0.0021169278971194
EXPR_LOW:NCKAP5L,Linsitinib,-1.0213420949643717,-0.2135930460254259,0.1837926230138332,0.6611085538572585,4.015377076493676e-08,711,646,0.0005051126754697
EXPR_LOW:SP140L,Linsitinib,-0.7493131805905949,-0.17759943544084,0.1633601134676825,0.4291273581939371,5.404986724639191e-06,711,646,0.0085110593417901
EXPR_LOW:ALPK1,Linsitinib,-0.6982702428751119,-0.1838797184453368,0.1468602696587782,0.4104241143439064,2.452833178987379e-06,711,646,0.0055546729125673
EXPR_LOW:RIMKLB,Linsitinib,-0.6320410108159494,-0.17502079143384,0.1398890220188317,0.3578585276590392,7.417770893965025e-06,711,646,0.0099274656660919
EXPR_LOW:TRIM34,Linsitinib,-0.5783520003318022,-0.192725059902424,0.1158560456572553,0.3512741508435818,7.696147149044088e-07,711,646,0.0029282938850947
EXPR_LOW:FBXL13,Linsitinib,-0.480656800345655,-0.1825896081617574,0.1018309703039063,0.2810680985499985,2.891462024067767e-06,711,646,0.0059976796999145
EXPR_LOW:C11orf52,Luminespib,-0.9069394254992535,-0.1894793333862948,0.1850534017293225,0.5442347581097815,1.2077913198219073e-06,710,645,0.0037788874189836
EXPR_LOW:ITGB6,Luminespib,-0.8434743927502277,-0.1842814782920793,0.1771364708385027,0.4962869099067623,2.3720808226776893e-06,710,645,0.0054656865547362
EXPR_LOW:LGALS4,Luminespib,-0.7709788483918868,-0.1857885864880134,0.160552030142425,0.4562968693127336,1.954214852496231e-06,710,645,0.0049939179381845
EXPR_LOW:SOWAHB,Luminespib,-0.7685693416713016,-0.1828321341223604,0.1627300912004274,0.4496183629184639,2.853763739413417e-06,710,645,0.0059689104735356
EXPR_LOW:EPPK1,Luminespib,-0.7655237491907686,-0.1762370614449543,0.16835659070632,0.4355448314063813,6.498843028655582e-06,710,645,0.0093243388247371
EXPR_LOW:GADD45G,Luminespib,-0.70147134653867,-0.1899322008451192,0.1427753623009118,0.4216316364288829,1.1378000854801537e-06,710,645,0.0036428584753211
EXPR_LOW:HGD,MG-132,-0.3547903710813253,-0.1968470603088978,0.0695256547650744,0.2185200877417794,4.401203950399519e-07,711,646,0.0020678404534342
EXPR_LOW:STK32A,MK-1775,-0.6069704447821141,-0.1963625740798629,0.1192488103565622,0.3732427764832521,4.702914638711277e-07,711,646,0.0021525394857261
EXPR_LOW:TMEM191C,MK-1775,-0.4691414389492243,-0.196909148017728,0.0919040343258051,0.2890095316706462,4.363913114300146e-07,711,646,0.0020621136140067
EXPR_LOW:IRS2,MK-2206,-0.7067515575493434,-0.1891678165228267,0.1443412051143188,0.4238427955252785,1.2347074882403842e-06,711,646,0.0038274283241508
EXPR_LOW:TNFSF12,MK-2206,-0.5452479061142737,-0.1848533143741718,0.1140514163860703,0.3217071299975758,2.164795278456795e-06,711,646,0.0052827940809255
EXPR_LOW:BTC,MK-8776,-0.5996731642148929,-0.1818061501670588,0.1287124062268809,0.3473968480102063,3.872545159501691e-06,700,635,0.0070594565957708
EXPR_LOW:ZNF404,MK-8776,-0.5215583904314429,-0.1776939898662669,0.1146241944056687,0.2968949693963322,6.423746630086254e-06,700,635,0.0092641449403019
EXPR_LOW:PRRG2,Mitoxantrone,-0.9802220046953728,-0.203259575973087,0.2130937812654542,0.5625581934150825,5.3846946576441566e-06,551,491,0.0084944690927096
EXPR_LOW:SYT8,Mycophenolic acid,-0.6949922609246003,-0.195979268539626,0.1536845836646365,0.3937704769419127,7.612031218387838e-06,572,512,0.0099983764368472
EXPR_LOW:SRXN1,Navitoclax,-2.069268515718089,-0.1832952495570614,0.4369833446607438,1.212781160183031,2.690490889699803e-06,710,645,0.0058218051507709
EXPR_LOW:BCL3,Navitoclax,-1.569800447295266,-0.2051689714177939,0.2948589313498818,0.9918769418494976,1.4039289247665925e-07,710,645,0.0010295988194733
EXPR_LOW:TUFT1,Navitoclax,-1.416393248302256,-0.1914054767414701,0.2859860334043698,0.8558606228296911,9.36038325932136e-07,710,645,0.0032135906574372
EXPR_LOW:FAM114A1,Navitoclax,-1.2280234975399364,-0.1782087449120936,0.2669867364079801,0.7047294941802955,5.097286691669451e-06,710,645,0.0082479428614142
EXPR_LOW:ADAMTSL5,Navitoclax,-0.8485960631117768,-0.1858272800951745,0.1766772687395181,0.5023086163823214,1.9444763368001203e-06,710,645,0.0049886461488345
EXPR_LOW:ADAMTSL4,Navitoclax,-0.7728048336680194,-0.2089029573449176,0.1424478782522623,0.4936069922935852,8.198753848427982e-08,710,645,0.0007333055703544
EXPR_LOW:MPST,Nelarabine,-1.56480657372139,-0.2353081468223306,0.2919823118009571,0.9925212425915142,1.288777257239831e-07,550,490,0.0009777737418686
EXPR_LOW:ABHD4,Nelarabine,-1.0871607299426804,-0.2122650557970865,0.2261028628701922,0.6439991187171036,2.028831216414852e-06,550,490,0.0050730133931172
EXPR_LOW:THEM4,Nelarabine,-0.6528392048735141,-0.2030856247741783,0.14219459973188,0.3741377893990293,5.609414681634936e-06,550,490,0.0086735340974517
EXPR_LOW:GLCE,Nilotinib,-2.0786987525891516,-0.1901977677376296,0.4251238540187512,1.2454559987123992,1.2804464569286209e-06,702,637,0.0039317086438783
EXPR_LOW:TRAF3IP2,Nilotinib,-1.2905361414677547,-0.1913476526121705,0.2622874428378627,0.7764527535055439,1.1014220849713389e-06,702,637,0.0035852594391159
EXPR_LOW:EXOC6B,Nilotinib,-1.187503954009812,-0.19421087630609,0.2376528418773535,0.7217043839301991,7.539915874004221e-07,702,637,0.0028899380280609
EXPR_LOW:CHMP4C,Nilotinib,-0.7149954730577984,-0.1924271702197064,0.144468766165978,0.4318366913724815,9.554071242506188e-07,702,637,0.0032624660199261
EXPR_LOW:NOS1AP,Nilotinib,-0.5762486303669813,-0.221054905646564,0.1007305145586401,0.3788168218320465,1.6328252590592422e-08,702,637,0.0002927121064171
EXPR_LOW:RBM47,Nilotinib,-0.5719396998036106,-0.186147180111959,0.1196096699429434,0.3375047467154414,2.1608407946246073e-06,702,637,0.0052797518230723
EXPR_LOW:IL18,Niraparib,-0.649380225430541,-0.1887598126085128,0.1385009731746761,0.3779183180081757,3.4135465288346466e-06,659,595,0.006638425471873
EXPR_LOW:SP100,Nutlin-3a (-),-1.00740287152281,-0.1805378206758102,0.2159350489634505,0.5841701755544471,3.747336928503944e-06,711,646,0.0069400820615018
EXPR_LOW:IFI16,Nutlin-3a (-),-0.7084208829743094,-0.1972042553552021,0.1385624234847941,0.4368385329441129,4.190785717548845e-07,711,646,0.0020276081996645
EXPR_LOW:STK32A,Nutlin-3a (-),-0.6465818014030135,-0.1963306667608916,0.1270525519095978,0.3975587996602016,4.723468208383359e-07,711,646,0.002156883814566
EXPR_LOW:SAMD9,Nutlin-3a (-),-0.573249767494206,-0.1763192284083054,0.1259128382212178,0.326460604580619,6.328416616491638e-06,711,646,0.009183430081234
EXPR_LOW:IFIT3,Nutlin-3a (-),-0.5613623271773986,-0.1759362056497128,0.1235788305990829,0.319147819203196,6.6327690617131015e-06,711,646,0.0093851083024914
EXPR_LOW:LONRF3,Nutlin-3a (-),-0.4948725881435147,-0.1825204990808155,0.104883764348583,0.2893004100202919,2.9169623936569207e-06,711,646,0.0060249363840577
EXPR_LOW:CA5B,OTX015,-0.8218610308032863,-0.1874600896985206,0.176994828254328,0.4749511674248033,4.224591841611105e-06,656,592,0.0074409907554135
EXPR_LOW:ELOVL7,Olaparib,-0.4996596443037543,-0.2009075166490373,0.0958550800641456,0.3117836873780289,2.5084540955060786e-07,711,646,0.0015284449783385
EXPR_LOW:SLC16A1,Osimertinib,-2.0459645931114294,-0.2241146221237172,0.3522308641460082,1.3555920993852535,9.943912465489049e-09,703,638,0.0002154311069756
EXPR_LOW:LRRC49,Osimertinib,-0.8364490164050438,-0.183775613473903,0.1771253542480855,0.4892833220787961,2.86840866712701e-06,703,638,0.0059689104735356
EXPR_LOW:LIX1L,Osimertinib,-0.7081035526590482,-0.188544621527566,0.1460200029781769,0.4219043468218214,1.5578547776755243e-06,703,638,0.0043024506674053
EXPR_LOW:ZEB1,Osimertinib,-0.5673244262987756,-0.1869030110404543,0.1180547966512676,0.335937024862291,1.9255289636833156e-06,703,638,0.0049596131860675
MUT_HOT:NRAS,PD0325901,-1.487278550608602,-0.1982379583063941,0.2467705322839189,1.003608307332121,2.446482698715346e-09,956,888,7.889971193802433e-05
MUT_HOT:BRAF,PD0325901,-1.3873178717929917,-0.168051719891752,0.2730899621973474,0.8520615458861908,4.59920221711372e-07,956,888,0.0021169278971194
MUT_HOT:KRAS,PD0325901,-1.0840303967038905,-0.1760300520762638,0.2034290897625047,0.6853093807693811,1.25413025271908e-07,956,888,0.0009665309220694
EXPR_LOW:PDZRN3,PD0325901,-0.9183208527872256,-0.182816927651506,0.1943033228124357,0.5374863400748517,2.8090808109773985e-06,711,646,0.0059470040288129
EXPR_LOW:RIMS4,PD0325901,-0.8951786975847985,-0.1828185856282669,0.1894050025731582,0.5239448925414083,2.8084882918306508e-06,711,646,0.0059470040288129
EXPR_LOW:GFRA1,PD0325901,-0.8945786423837067,-0.1923353131777791,0.1795800086460414,0.5426018254374654,8.108740505293962e-07,711,646,0.0029907913456858
MUT_HOT:BRAF,PLX-4720,-2.1087740152822376,-0.3336981633860212,0.2005885847766694,1.7156203891199655,1.955191547370528e-24,950,882,1.906131881063907e-18
EXPR_LOW:CCDC148,Paclitaxel,-0.920624953509458,-0.2254221164870999,0.1574023432651081,0.6121163607098459,7.902404729118137e-09,704,639,0.0001856413877025
EXPR_LOW:NOS1AP,Paclitaxel,-0.7721197042889607,-0.2142241200653791,0.1392722569874132,0.4991460805936308,4.3298401634990386e-08,704,639,0.0005147799773312
EXPR_LOW:ABCB1,Paclitaxel,-0.7462755067132084,-0.1936078356612342,0.1495993853032882,0.4530607115187633,7.852528117826812e-07,704,639,0.0029500934421172
EXPR_LOW:CEACAM1,Paclitaxel,-0.6889277842778492,-0.1952440964911038,0.1369007253273843,0.4206023626361758,6.307464796603889e-07,704,639,0.0025939492297472
EXPR_LOW:CCDC96,Paclitaxel,-0.6834882918957516,-0.1906531015785291,0.139218436727091,0.410620155910653,1.1609017195645718e-06,704,639,0.0036986025281609
EXPR_LOW:RORA,Paclitaxel,-0.6220513005627641,-0.1830236125431102,0.1321813274084901,0.3629758988421235,3.098243795617872e-06,704,639,0.0062601091446595
EXPR_LOW:ARHGAP26,Palbociclib,-1.0011315838898036,-0.191670532372369,0.2016934805212664,0.6058123620681214,8.861995834073385e-07,711,646,0.003147406424264
EXPR_LOW:NAV2,Palbociclib,-0.7944917760789592,-0.2110668592181065,0.1447628948911269,0.5107565020923504,5.8368259281280024e-08,711,646,0.0005994632327286
EXPR_LOW:CHMP4C,Palbociclib,-0.7141910684654529,-0.1796248939139526,0.153889798946401,0.4125670625305068,4.201658088201235e-06,711,646,0.0074207066729204
EXPR_LOW:CLIC5,Palbociclib,-0.6542963297670594,-0.1940213473484072,0.1301596956073989,0.3991833263765575,6.46408972293352e-07,711,646,0.0026203296397528
EXPR_LOW:LAMB3,Palbociclib,-0.6480429770121474,-0.184610469518834,0.1357380392026061,0.3819964201750394,2.2334458693454386e-06,711,646,0.0053134151849735
EXPR_LOW:PRSS8,Palbociclib,-0.6383075575051473,-0.193341657714478,0.1274428588115309,0.3885195542345466,7.084317546344474e-07,711,646,0.0027737180122375
EXPR_LOW:GPRC5A,Pevonedistat,-1.3523305869140383,-0.2039934096359968,0.2569370782015964,0.8487339136389093,1.935634872388228e-07,703,638,0.0012664871960874
EXPR_LOW:CAPN8,Pevonedistat,-1.0753101500757245,-0.1979065395687257,0.2108566082491303,0.6620311979074289,4.490429768836665e-07,703,638,0.0020971285413774
EXPR_LOW:TMEM45B,Pevonedistat,-0.9464073618593593,-0.1848142406857474,0.1992442344769266,0.5558886622845829,2.514657619448811e-06,703,638,0.0056112339092214
EXPR_LOW:BTC,Pevonedistat,-0.9110342270142604,-0.1951244015017687,0.1812941153510784,0.5556977609261466,6.540172524110944e-07,703,638,0.0026267790305281
EXPR_LOW:CEACAM6,Pevonedistat,-0.9096059329806984,-0.1781209598773614,0.1989421522419832,0.5196793145864111,5.7976489642509025e-06,703,638,0.0088108719508026
EXPR_LOW:HRCT1,Pevonedistat,-0.8880586409034583,-0.1985439864891489,0.1735567071969402,0.5478874947974555,4.116635463189875e-07,703,638,0.0020016662574301
EXPR_LOW:IRS2,Rapamycin,-0.8562941244800862,-0.2201404304179942,0.1508114826941614,0.56070361839953,2.0784636577733112e-08,698,633,0.000337718474612
EXPR_LOW:STK32A,Rapamycin,-0.685590853817405,-0.1847276675166237,0.1449745706024345,0.4014406954366333,2.783134311444816e-06,698,633,0.0059456902683274
MUT_HOT:NRAS,Refametinib,-1.1953439615225174,-0.1721018957182128,0.2322300969556311,0.7401729714894802,3.270869062012147e-07,936,868,0.0017715535641711
EXPR_LOW:ZNF501,Refametinib,-0.5963327795231891,-0.1780918789876996,0.1312730297244373,0.3390376412632918,6.657517218890556e-06,695,630,0.00941329484675
EXPR_LOW:CHMP4C,Ribociclib,-0.5492267637882227,-0.1837087288738823,0.1162562934153209,0.3213644286941935,2.8414594745066028e-06,704,639,0.00596374935064
EXPR_LOW:SCNN1A,Ribociclib,-0.4905109579003101,-0.1797253233036156,0.1062084606434291,0.2823423750391889,4.677977835518043e-06,704,639,0.0078887156827443
EXPR_LOW:HNF1B,Ribociclib,-0.4892390682432933,-0.1786956554978145,0.1065637779309417,0.2803740634986474,5.312049635142276e-06,704,639,0.0084413360810061
EXPR_LOW:ITGB8,Ribociclib,-0.4728553251455724,-0.2000894884571938,0.0915969682138101,0.2933252674465045,3.260810209179002e-07,704,639,0.0017710250470252
EXPR_LOW:C1orf116,Ribociclib,-0.4556740432962416,-0.1767640403629346,0.1003729762813831,0.2589430097847306,6.729449284279318e-06,704,639,0.0094600761608439
EXPR_LOW:TMEM139,Ribociclib,-0.4503120511241575,-0.1980016234321481,0.0881880698238472,0.2774634342694169,4.341733189230318e-07,704,639,0.0020621136140067
MUT_HOT:BRAF,SB590885,-1.337883322371922,-0.247270311496942,0.1783566095402429,0.988304367673046,1.5705051559859708e-13,932,864,2.355535447095339e-08
EXPR_LOW:CCDC71L,SB590885,-1.1671256310186928,-0.1813817274827266,0.2525108784725262,0.6722043092125416,4.612983788745566e-06,693,628,0.0078377329087579
EXPR_LOW:BAIAP2L1,SB590885,-0.9910887284246106,-0.2108707273499009,0.1833324685086366,0.6317570901476829,9.167864493725928e-08,693,628,0.0007840196875306
EXPR_LOW:IL13RA1,SB590885,-0.913977201566804,-0.1800848199835199,0.1992138415358582,0.5235180721565218,5.406744182411413e-06,693,628,0.0085110593417901
EXPR_LOW:ZSCAN31,SB590885,-0.7209931359624542,-0.1994265228347965,0.1413695300414526,0.4439088570812071,4.5020821443411364e-07,693,628,0.0020971285413774
EXPR_LOW:STING1,SB590885,-0.6714160373326327,-0.1976422944623255,0.1328861067497115,0.410959268103198,5.723030416726348e-07,693,628,0.0024524958846197
EXPR_LOW:PPARGC1A,SN-38,-0.7269983616616439,-0.1854172620383377,0.1525373347796358,0.4280251854935576,2.328862370133012e-06,703,638,0.0054251530598366
EXPR_LOW:SLC16A1,Sapitinib,-2.065817684094195,-0.177218465491257,0.4517248296408025,1.180437017998222,5.760621834024668e-06,710,645,0.0087751192358833
EXPR_LOW:LIX1L,Sapitinib,-0.8543494127346292,-0.1779403243909232,0.1860349779939497,0.4897208558664877,5.2694964972857224e-06,710,645,0.0084148637038097
EXPR_LOW:ZEB1,Sapitinib,-0.8230379747143934,-0.2128027369722935,0.148798885758571,0.5313921586275941,4.625341345196371e-08,710,645,0.0005368193190669
EXPR_LOW:PRKG1,Sapitinib,-0.8039687644748104,-0.1896808335600434,0.1638623418577461,0.4827985744336279,1.1761534894974938e-06,710,645,0.0037312041482681
EXPR_LOW:ZFHX4,Sapitinib,-0.6882315583330999,-0.1846237437587283,0.1442568415638177,0.4054881488680171,2.2702684256866848e-06,710,645,0.005347648181588
EXPR_LOW:PDLIM3,Sapitinib,-0.6871003724835476,-0.1932298030142658,0.1373735700573722,0.417848175171098,7.335156454204069e-07,710,645,0.0028433807985905
MUT_HOT:NRAS,Selumetinib,-1.2664287324941297,-0.1942374629857581,0.2146298670148987,0.8457541931449282,5.150191861616542e-09,956,888,0.0001394712013173
EXPR_LOW:GFRA1,Selumetinib,-0.7583491289290744,-0.189035289465539,0.154991683945081,0.4545654283967155,1.2564295614410851e-06,711,646,0.0038701523882635
EXPR_LOW:ZNF501,Selumetinib,-0.622001931342214,-0.2004524667644852,0.1196075782766196,0.3875710779200396,2.673139411687078e-07,711,646,0.0015842340410753
EXPR_LOW:SIPA1L1,Sorafenib,-2.181393467479489,-0.2096260581198323,0.4025132536467504,1.392467490331858,8.481416355601403e-08,704,639,0.0007461168117873
EXPR_LOW:TUBB2A,Sorafenib,-1.5536537815763394,-0.2099879841366482,0.2861651547013926,0.99277007836161,8.048627009300269e-08,704,639,0.0007241648224869
EXPR_LOW:NEDD4L,Sorafenib,-1.4068183455364769,-0.2130440642679534,0.2552299595537683,0.9065676248110908,5.1527087590753084e-08,704,639,0.0005644485471233
EXPR_LOW:TRAF3IP2,Sorafenib,-1.1176517707802898,-0.1796344650481024,0.2421273484819334,0.6430821677557003,4.7308803662593e-06,704,639,0.0079253565457749
EXPR_LOW:NEDD4,Sorafenib,-0.9541824600052732,-0.1767521039779597,0.2101958872443938,0.5421985210062612,6.739238883253594e-06,704,639,0.0094600761608439
EXPR_LOW:HIVEP2,Sorafenib,-0.8493010017829041,-0.1832975764737808,0.1801911239076381,0.4961263989239334,2.993003263022781e-06,704,639,0.0061236155826799
EXPR_LOW:ELOVL7,Talazoparib,-0.8532050030334323,-0.1824482479650683,0.1821766358133565,0.4961387968392534,3.450600943239535e-06,702,637,0.006668024706386
EXPR_LOW:IL6R,Talazoparib,-0.8018514026691472,-0.1794790536519263,0.174140729156961,0.4605355735215036,4.9904280175108845e-06,702,637,0.0081631010028448
EXPR_LOW:STK32A,Tamoxifen,-0.6412403006899928,-0.2240797301738276,0.1103268475736321,0.4249996794456738,9.736289499846361e-09,704,639,0.0002133030679486
EXPR_LOW:CREBRF,Tanespimycin,-1.0499459766390564,-0.182299529790682,0.2252598280442333,0.6084367136723592,3.839363231066433e-06,697,632,0.0070382485820002
EXPR_LOW:ZNF610,Tanespimycin,-0.7643205049470859,-0.2140644512876196,0.1387352297074005,0.492399454720581,5.2514096533765846e-08,697,632,0.000568886208675
EXPR_LOW:NPTXR,Tanespimycin,-0.7522478863628751,-0.2047306842276931,0.1430611125625343,0.4718481057403078,1.9929731322127617e-07,697,632,0.0012890636932987
MUT_HOT:PIK3CA,Taselisib,-1.5462637600388047,-0.2621386300997117,0.1911312317009137,1.1716465459050138,1.9531327286495137e-15,955,887,4.231388271604978e-10
MUT_DAM:GNA13,Temsirolimus,-3.154602185536928,-0.2244873012648954,0.4716400026786178,2.2301877802868373,4.1017264947139225e-11,911,843,3.477222585659619e-06
EXPR_LOW:ERBB2,Temsirolimus,-2.5707483876302035,-0.1808346421252765,0.563336533112638,1.4666087827294332,6.076109026790636e-06,681,616,0.0090368379848823
EXPR_LOW:CHMP4C,Temsirolimus,-1.0137632089093451,-0.2029810053478942,0.1970400420458314,0.6275647264995157,3.601837415841533e-07,681,616,0.0018517995699565
EXPR_LOW:NAV2,Temsirolimus,-0.9203024097062922,-0.1948810696327815,0.18662202942391,0.5545232320354285,1.0515422922026271e-06,681,616,0.0034633682196171
EXPR_LOW:IRS2,Temsirolimus,-0.9175593098948656,-0.2151222980684959,0.1678299063172451,0.5886126935130651,6.64994357465615e-08,681,616,0.0006450829045254
EXPR_LOW:SPINT1,Temsirolimus,-0.8486373361548416,-0.2040888930957482,0.1640113737785294,0.5271750435489237,3.100166616748282e-07,681,616,0.0017369984114947
MUT_HOT:NRAS,Trametinib,-1.3630390380749202,-0.1712022659902216,0.2633766111890572,0.8468208801443681,2.8160088655327405e-07,955,887,0.0016150995290443
MUT_HOT:BRAF,Trametinib,-1.3088494934943815,-0.1504681697099541,0.2887422874258898,0.7429146101396374,6.6142557588500435e-06,955,887,0.0093786529165675
EXPR_LOW:GFRA1,Trametinib,-1.0632149128235124,-0.2173608881939301,0.187851144969093,0.69502666868409,2.2787816388819244e-08,711,646,0.0003519946786641
MUT_HOT:KRAS,Trametinib,-0.992629538906137,-0.152959024097584,0.215332423023561,0.5705779897799574,4.6229553067347925e-06,955,887,0.0078450062875164
EXPR_LOW:RIMS4,Trametinib,-0.9363215924643796,-0.1818257893692454,0.1992291685590317,0.5458324220886772,3.1855494779262378e-06,711,646,0.0063574568483646
EXPR_LOW:ZNF674,Trametinib,-0.9136035844835502,-0.1878304715772641,0.1879645994918337,0.5451929694795561,1.4714686929621995e-06,711,646,0.0041981018268514
EXPR_LOW:GFRA1,Ulixertinib,-0.6623216407213065,-0.1969509971216844,0.1300212940547746,0.4074799043739482,4.614252607814151e-07,708,643,0.0021169278971194
EXPR_LOW:ZNF501,Ulixertinib,-0.5204915420216256,-0.1999211454963154,0.1005986628710858,0.3233181627942975,3.066923237986791e-07,708,643,0.0017233244957344
MUT_HOT:PIK3CA,Uprosertib,-1.0161620263373183,-0.1838474494505913,0.1824219462187337,0.6586150117486003,3.370233619785392e-08,955,887,0.0004693811025425
MUT_DAM:PTEN,Uprosertib,-1.0041234215256345,-0.1926214954281226,0.1717554176492277,0.6674828029331481,7.062094198880434e-09,955,887,0.0001743010666137
EXPR_LOW:SKAP1,Uprosertib,-0.6561928628823269,-0.1826989456663023,0.1390412739964385,0.3836719658493074,2.902449004658394e-06,710,645,0.0060013165519268
EXPR_LOW:DUSP4,VE-822,-0.742725315317966,-0.1886232783570353,0.1589298495064711,0.4312228102852827,3.6729309490976624e-06,656,592,0.0068531478769816
EXPR_LOW:PCDHGA4,VE-822,-0.7276181064729935,-0.1838284759819727,0.1599060767063462,0.4142021961285548,6.5031097222415365e-06,656,592,0.0093243388247371
EXPR_LOW:ZNF805,VE-822,-0.7051104371308042,-0.2075212735315332,0.1366076019235829,0.4373595373605817,3.3478791828624373e-07,656,592,0.0017898304678891
EXPR_LOW:RORA,VE-822,-0.6373048686585606,-0.1980347861612737,0.1296454796129944,0.3831997286170914,1.146775302487213e-06,656,592,0.003659575831742
EXPR_LOW:ZNF610,VE-822,-0.635906332913825,-0.1846362193315992,0.139118090856947,0.3632348748342088,5.912452321765361e-06,656,592,0.0089218997682922
EXPR_LOW:KLHL36,Venetoclax,-3.070686784424597,-0.2041032247175719,0.5826335064759782,1.9287251117316797,1.864522345404193e-07,704,639,0.0012407766216473
EXPR_LOW:SNTB2,Venetoclax,-2.7820617552438516,-0.2305827088993934,0.4644361061081909,1.8717669872717972,3.499536012365197e-09,704,639,0.0001018425568579
EXPR_LOW:MRTFB,Venetoclax,-2.7288138940181597,-0.1966870880993397,0.5381214629086771,1.6740958267171524,5.191207133354265e-07,704,639,0.0023109489785587
EXPR_LOW:B9D1,Venetoclax,-2.3688226391020013,-0.1764211079673319,0.5228361144708534,1.3440638547391286,7.016182063859444e-06,704,639,0.0096318691171281
EXPR_LOW:IPP,Venetoclax,-2.266484676502863,-0.1807223455783289,0.4879551989793535,1.31009248650333,4.133386956721486e-06,704,639,0.0073580409441627
EXPR_LOW:TRIM32,Venetoclax,-2.2311184972389992,-0.2103410680293564,0.4102246883657511,1.427078108042127,7.647015049031198e-08,704,639,0.0007000127837953
EXPR_LOW:C11orf52,Vinblastine,-1.178803975463747,-0.2151954108992525,0.2357267122380199,0.716779619477228,7.845395265875058e-07,575,515,0.0029500934421172
EXPR_LOW:KLK7,Vinblastine,-1.1281246548499586,-0.2004364869417758,0.2429812552456021,0.6518813945685784,4.366843405108311e-06,575,515,0.0075617594500663
EXPR_LOW:PRSS22,Vinblastine,-1.106867759045404,-0.1956233475687268,0.2445109754929592,0.627626247079204,7.443078328204412e-06,575,515,0.0099333720958995
EXPR_LOW:UPK2,Vinblastine,-1.1002973438715289,-0.2035139475349123,0.2332528307985089,0.6431217955064512,3.084147526388356e-06,575,515,0.0062380914868386
EXPR_LOW:FAM110C,Vinblastine,-1.0858587639366148,-0.2224397297114457,0.2097191683276614,0.6748091940143985,3.227317977035873e-07,575,515,0.0017626544058017
EXPR_LOW:TMEM125,Vinblastine,-1.0485003681706242,-0.1972891805383451,0.2295835627904405,0.5985165851013607,6.197803580281083e-06,575,515,0.0091411320617922
EXPR_LOW:C11orf52,Vinorelbine,-1.076258280525353,-0.2036543309086748,0.2050004630976244,0.6744573728540095,2.0748977490544938e-07,702,637,0.0013308121149573
EXPR_LOW:CCDC148,Vinorelbine,-0.9838028357686412,-0.2112000266982185,0.1803996807368074,0.6302194615244986,7.074729810659179e-08,702,637,0.0006696321058495
EXPR_LOW:STK32A,Vinorelbine,-0.94687763934951,-0.1959224946557057,0.187776100662394,0.5788364820512177,5.995157723422861e-07,702,637,0.0025251327333425
EXPR_LOW:TTYH1,Vinorelbine,-0.8917384895119971,-0.2115893248859107,0.1632029521123373,0.5718607033718159,6.685391279246544e-08,702,637,0.0006453110337888
EXPR_LOW:LGALS4,Vinorelbine,-0.8761909421233055,-0.191879071398201,0.1775643226859406,0.5281648696588619,1.0270508526584626e-06,702,637,0.0034290414132313
EXPR_LOW:TTC39A,Vinorelbine,-0.8576798643467227,-0.1957297537594232,0.1702613872698651,0.5239675452977872,6.152569840856823e-07,702,637,0.0025688177980342
EXPR_LOW:SP100,Vorinostat,-0.6914536832746647,-0.1814601742298949,0.1482384251317365,0.4009063700164611,3.7699754359547953e-06,704,639,0.0069675435304565
EXPR_LOW:GBP3,Vorinostat,-0.5372695231087311,-0.2223041479932211,0.0932156311285258,0.3545668860968204,1.2805663903668989e-08,704,639,0.0002522089734343
EXPR_LOW:ERAP2,Vorinostat,-0.4916297059237102,-0.197100542684264,0.0967377013148184,0.302023811346666,4.908129347950078e-07,704,639,0.0022152660029404
EXPR_LOW:IFIT2,Vorinostat,-0.4365506634053288,-0.2240956021716246,0.075103930377535,0.2893469598653601,9.712368942512348e-09,704,639,0.0002133030679486
EXPR_LOW:DDX60,Vorinostat,-0.4300366058471959,-0.2092660931133573,0.0794936153130601,0.274229119833598,8.934116398630737e-08,704,639,0.0007707912876067
EXPR_LOW:APOL6,Vorinostat,-0.4276834994912857,-0.1919008102707741,0.0865262038921141,0.2580921398627421,9.849618387166002e-07,704,639,0.0033413995435266
EXPR_LOW:IL18,ZM447439,-0.7761883841404391,-0.1784379433869392,0.1706585898630284,0.4416975480089034,6.493053126555276e-06,694,629,0.0093243388247371
EXPR_LOW:SMIM6,ZM447439,-0.7436910225923822,-0.1798465150638464,0.1621905377772011,0.425797568549068,5.471354355449286e-06,694,629,0.0085642834008192
EXPR_LOW:C14orf28,ZM447439,-0.5695007554465408,-0.1867344692581976,0.1194641098403353,0.3353511001594834,2.323673707885619e-06,694,629,0.0054195408784864
