draw	spearman
1	-0.005518804810380961
2	-0.004442977612894196
3	-0.0014339082529257893
4	-0.002839933159290151
5	-0.0019810338279817544
6	-0.0030498162784172033
7	-0.007621667418857792
8	-0.010847340065296935
9	-0.0049930367148680625
10	0.004045843895085116
11	-0.005826827175073202
12	-0.016806605819857715
13	-0.00011343048098866078
14	-0.014644614112436867
15	-0.0023108800739991896
16	-0.00587728227778922
17	0.0017207417470298954
18	-0.004254194601483907
19	0.002418441044553768
20	-0.0070828986500353994
21	0.007509874018282764
22	0.0037954426829996104
23	0.003326972567950237
24	0.006510342864222493
25	-0.024673909679252978
26	0.008753210902726483
27	-0.013171720119525792
28	-0.014655790027863578
29	-0.005659237512563317
30	-0.004187710121955774
31	-0.0003007890239270109
32	-0.00565693058419323
33	-0.0010255790166996672
34	-0.0012637236491355596
35	-0.007445454485554667
36	0.0007386041619631743
37	-0.0011843504839822339
38	-0.015538504977348728
39	0.0007481054873762962
40	0.013230352666923384
41	0.018829170805411664
42	0.010327508322929432
43	-0.0033142987948378303
44	-0.0027555467542713886
45	-0.0062810710531283785
46	0.0007723006134703347
47	0.017357839531020335
48	-0.00027079625285776724
49	0.002230372229338345
50	0.002068533984599543
51	-0.0024629926959427086
52	-0.007382292435690278
53	-0.0046784936851703065
54	0.0006863705518065884
55	-0.00859257321084611
56	-0.018048316661981426
57	-0.015870742665356544
58	0.012163489722710603
59	0.005618051719512042
60	-0.004039599165821557
61	-0.006514876157817988
62	-0.0074662410284193305
63	0.013713250114774278
64	-0.010013104449565066
65	-0.012902785596354924
66	-0.004287208211621547
67	0.0025679682528345956
68	0.004638396882218265
69	0.00813644686476693
70	-0.007793022067211592
71	-0.005193102264709877
72	-0.008868374732903814
73	0.0013137979260025125
74	-0.017418428028608053
75	-0.010744177242235168
76	-0.0033645626049015535
77	0.006702845135551414
78	-0.005680443951148883
79	-8.241384623242578e-05
80	-0.019324169469669587
81	-0.0031107384218880974
82	5.5255933143132906e-05
83	0.0025325306142623617
84	-0.007141870865301681
85	-0.008523321031423442
86	-3.9118439448871185e-06
87	-0.0031207346157458497
88	-0.00922530327193997
89	-0.01943739393501491
90	-0.02108634522576888
91	0.004775104275938658
92	0.0024426123383247617
93	0.0019667217594354844
94	0.008938010659535664
95	0.008726275557441375
96	-0.006485828855073051
97	0.012075701257726817
98	-0.020128539526286397
99	0.0032619516865209732
100	-0.013853272973370316
101	0.008874300715220792
102	-0.010202985500651497
103	-0.0018841310912425249
104	0.011062197161873398
105	-0.009994409441197229
106	-0.0048709981873560435
107	-0.003009098420862116
108	0.0014085527459946573
109	-0.009678778732692562
110	0.0018349570580534322
111	0.012831843735437881
112	0.009223198976410994
113	-0.0025663661955450923
114	-0.004973271479500288
115	0.009408101724443205
116	-0.00979752416697192
117	0.010283017591858113
118	0.005465518776922513
119	0.009519457508592441
120	-0.0034863011950424737
121	0.004352388290578549
122	-0.0009168924626906614
123	0.013862181916665996
124	-0.002635089343208398
125	-0.004708812493307512
126	-0.01006581037061856
127	0.0064910939394186625
128	-0.0016759246502376004
129	0.010273035540039109
130	-0.007821179991746467
131	-0.004969886144321934
132	-0.013369802099045465
133	0.0040093007972459875
134	0.0042512023784657465
135	-0.008055069819199196
136	0.001498320611722963
137	-0.00745817902393856
138	-0.023341574441893578
139	0.014015324955438405
140	-0.0059459838306257515
141	0.0005257265292060523
142	-0.000902268080829524
143	0.012047164226961673
144	-0.01258737078964181
145	-0.005409488112355272
146	-0.0062488771334831
147	-0.02253411581712984
148	-0.014784502170181872
149	0.018432426926511553
150	-0.008233385069473763
151	0.0038157595607901072
152	-0.008962950915044534
153	-0.003550500301190564
154	-0.008491973048035397
155	0.011981465686257369
156	-0.009389338568711186
157	0.0008839086205486674
158	0.009387840681147945
159	0.00923785442760092
160	-0.0010622495057582596
161	-0.0013730228787556399
162	-0.011681145304928484
163	-0.005282243286230541
164	0.0030512077122817286
165	0.009998664352411668
166	-0.006360426975617559
167	0.008334122532890245
168	-0.0025073157442630422
169	0.0074613067117532345
170	-0.011461917810460595
171	2.853439158185604e-05
172	-0.014121855263504264
173	-0.01336643956707466
174	-0.0014027482856190884
175	0.01129716552892349
176	0.0008649586106398949
177	-0.00671595216628753
178	-0.009253108465478813
179	-0.0021806389980269553
180	-0.006918780227289944
181	0.000632791084323029
182	-0.01157353744654403
183	-0.003304608772799245
184	-0.009705451228601149
185	-0.004229423565759812
186	-0.0025419929893138334
187	-0.004360055317212323
188	0.003917090677779631
189	0.00046334593653349506
190	-0.003392568837812355
191	-0.006154665786064532
192	-0.012452624538165208
193	-0.0016214212694197784
194	-0.012187736072198509
195	0.0037464957457228826
196	0.0022376883375472526
197	0.007025642508096368
198	-0.006284005127801301
199	-0.008116477615551444
200	-0.0009448416494057246
201	-0.012031321216326383
202	0.005997106706468596
203	-0.00042188872256953425
204	-0.012247362426471162
205	-0.0006193143687430213
206	0.00027078382047863314
207	-0.02017496793908793
208	-0.0021744586382777915
209	-0.007276472765071504
210	-0.012592182966897198
211	-0.01151513912583327
212	0.00950101685109897
213	-0.00280158076021904
214	-0.013310918968664114
215	0.00393235464828192
216	-0.023350034309064457
217	0.0006499324602650276
218	-0.011033700366204411
219	-0.0018890140882426567
220	-0.0028621300983022813
221	-0.007586592430627077
222	-0.009564930513805813
223	-0.025820195116448605
224	-0.016986125633221414
225	0.0025856428533516697
226	0.005992060840322216
227	-0.01757166523476805
228	0.00715454498034601
229	0.002629996383409042
230	0.007168069436925838
231	0.008882852943847554
232	0.020494603516938846
233	0.0016958202181033201
234	-0.0013188435132917902
235	-0.009283043184474914
236	-0.0011421850094960081
237	-0.0008076178322506568
238	0.0019063957161767286
239	-0.011327711260347234
240	-0.0020193434556849714
241	0.009010409585328042
242	0.0036987929825226936
243	0.0012259346443221862
244	-0.001438755380271303
245	-0.01596837561597537
246	-0.005788704368349464
247	-0.00033043095624484475
248	-0.017279833114238547
249	-0.012362125704979183
250	-0.005698009946783882
251	-0.02041898075738667
252	0.009613354550859697
253	0.004278070854481724
254	-0.019575172584850736
255	-0.002336765721478637
256	-0.013298270903520737
257	-0.008196312123222329
258	0.015942854305258967
259	0.008375322965939382
260	0.0015774624416720266
261	0.009660826519971192
262	0.009249830712706493
263	-0.015320338726698416
264	0.0006782587049385503
265	-0.0036697188165435908
266	-0.015579787490657967
267	0.014832804725131075
268	-0.0021268577409130443
269	0.002126874933781278
270	0.013009855426518748
271	0.0018593113717160256
272	-0.004971883146261159
273	0.007949986952118921
274	-0.012056720347795351
275	0.003537415193934235
276	-0.007725587518216968
277	-0.005688814042931533
278	0.011549089085004034
279	0.009839700520204856
280	-0.004113596068958457
281	0.011396551073190757
282	0.002848711368400868
283	-0.005776248601735786
284	-0.007285175357431376
285	0.0009557684757260087
286	0.00828060485217316
287	-0.00918869192050538
288	-0.002517530060809982
289	0.0023032456338096287
290	-0.010871982770318712
291	-0.011039841851945655
292	0.00768624135874698
293	-0.004528780469243213
294	-0.010535130405598052
295	0.011321322600982276
296	0.01265039930015158
297	-0.00989010824377134
298	0.0019262092668571647
299	0.0022776298901274416
300	0.013466371442200802
301	-0.002703007802227487
302	-0.007005838481713858
303	-0.004217209986539284
304	-0.006621711419363057
305	-0.0020346575673499956
306	-0.016916165790827414
307	0.0041291910262422704
308	-0.008753649103424301
309	-0.029085678106561957
310	0.00027901274749281334
311	-0.0018019462763235413
312	-0.001354369267388552
313	0.008007696884195666
314	0.0007777036856052882
315	-0.008137757337119488
316	-3.960639954077077e-05
317	0.011940513060899882
318	-0.012821065679381554
319	0.0006651600199971319
320	0.007605361747773161
321	0.012326426408812563
322	-0.012616598068088316
323	-0.010647032089041598
324	0.0024702034061262145
325	0.006361441998870469
326	-0.0022052592749703787
327	-0.02156321234231125
328	-0.0002788807219338912
329	0.002806557549477563
330	-0.009142456407104206
331	-0.007034896268157942
332	0.006555808068076463
333	0.0026136777819861655
334	-0.012875785247487484
335	0.007613660555049229
336	-0.014296300664385624
337	-0.014834582316326879
338	0.0003857044773037727
339	0.0014610528406292758
340	-0.013511643789810868
341	-0.015468018944882025
342	-0.013368444184468553
343	0.0093000407133087
344	-0.0005579457551333432
345	0.006316540109600779
346	0.013585339885808088
347	-0.0020339615599415848
348	-0.012909971269154337
349	0.0025512453086137133
350	0.009005741129031226
351	0.0051742833109996245
352	-0.005935069048276495
353	-0.016582104022161207
354	9.572098681682616e-05
355	-0.008506838076936168
356	-0.013699101589278919
357	0.0016140086202181877
358	0.0021056086106330425
359	-0.006221028966072991
360	0.006965767021560832
361	-0.001879554986442407
362	-0.005886583091667041
363	0.003421224240097601
364	-0.0019821638831089973
365	-0.0022873550249227965
366	-0.007617330971818542
367	0.01540482458079107
368	-0.02768405844194787
369	0.0035382487575674254
370	-0.012635546414813658
371	-0.017260246493484104
372	-0.016318408181543894
373	-0.0009789056312536903
374	0.018762788533650893
375	-0.0009950743005080183
376	9.438619746102297e-05
377	-0.012330594323250612
378	0.01741403758952228
379	-0.005689903242173595
380	0.003899508760731995
381	-0.01993620370276987
382	-0.016413858517624794
383	0.006461784388167863
384	0.0006824838647559812
385	-0.005005484819550889
386	-0.005889438073834525
387	0.0029466458299415854
388	-0.015930765571026982
389	0.004032802933563826
390	-0.007718811204323672
391	-0.002745871236121838
392	0.0015357245978715578
393	-0.008435620313474442
394	-0.0013319013655861192
395	-0.0032572944807803357
396	0.003723282233145144
397	-0.010025038653806044
398	0.0023929469091259043
399	-0.010941487753622773
400	-0.013708461348236556
401	0.0013935819937351982
402	-0.0034074703471975876
403	0.010796289921361822
404	0.0053618393644397
405	-0.0019748461117166595
406	-0.0011824088816539545
407	-0.01404023668120995
408	0.007424320343992541
409	0.015625323647045778
410	-0.007435222551214385
411	0.004473995980548137
412	-0.0074008765452444015
413	-0.012875216236250977
414	0.0032575410402544795
415	0.012120796046396865
416	-0.0022063242667601985
417	-0.013898012156160402
418	0.00995375274961959
419	0.01480828062401032
420	-0.001088266571286514
421	-0.012239585546737807
422	0.01211281941202606
423	0.0014055543715216145
424	-0.023039053277158675
425	-0.014101089956935814
426	-0.012665608498471405
427	0.005338821526554432
428	-0.0027744135618521936
429	-0.016144636957543524
430	0.012059605785142055
431	-0.01414928747902963
432	-0.016188995374239637
433	0.020705794768010634
434	0.000594758517749359
435	0.010856528981123095
436	0.012783954350441856
437	0.00043034723861136085
438	-0.008759760090829868
439	-0.013482232143663436
440	-0.013409932235380386
441	0.006681387486553609
442	-0.011488384436793847
443	-0.00921384398790164
444	-0.012356959173381062
445	-0.016337730246581927
446	0.0017168581705638672
447	0.0023969277336865534
448	-0.00617916436844072
449	0.011571965598773916
450	-0.0079110269001843
451	0.0016844377558768852
452	-0.0052911546064510415
453	-0.004503456350334702
454	-0.003049069877546775
455	-0.0021852777560424
456	-0.0012950079103560546
457	-0.007834550120838663
458	-0.011445322871608746
459	-6.517552429100044e-05
460	-0.00956969096970822
461	-0.0016222828980284563
462	-0.0141889592539622
463	0.003351406418961742
464	-0.010883635186138317
465	0.006312288644263386
466	-0.01181264884999499
467	-0.002784935617129636
468	-0.01083246619928181
469	-0.004381766536948553
470	-0.006906427584688394
471	0.008541775432588373
472	-0.011185798653564992
473	0.0004655195712087913
474	0.0020603144690125577
475	0.01540158608711505
476	0.007361010735564699
477	-0.02262548087342727
478	-0.01334865446943089
479	-0.003116319843058191
480	-0.00701826460980126
481	-0.015451377818662782
482	-0.022400153960803824
483	0.00602596508020715
484	-0.01710110940802372
485	-0.003702079343348175
486	-0.0033343117648632504
487	0.0005408126320336752
488	0.002795443463973782
489	-0.01500830502915067
490	-0.0036342319132166567
491	-0.010039692607798911
492	-0.009574174709732732
493	-0.00239806238995598
494	-0.010286811250187631
495	-0.0015442373383408282
496	-0.0107418346666322
497	0.0016779147969397323
498	-0.007504722720913709
499	0.0006448185828632886
500	-0.012638619702255337
501	-0.003597251467849655
502	0.01526804806038691
503	-0.0013333701922556523
504	0.01257080492496258
505	-0.004022172927390608
506	-0.002144696953433254
507	-0.008347546019961032
508	0.0036343449964110026
509	0.007582312814001284
510	-0.017228951237326443
511	-0.00207003372125095
512	0.00976015029739035
513	0.0008368530581245714
514	0.0009980996012900483
515	0.007214494380612232
516	-0.004046532127691942
517	-0.013571812610779693
518	-0.00897418101506196
519	-0.013191356655701505
520	0.0021087532589350324
521	-0.0017499253611018345
522	-0.008731813025420617
523	-0.0035427928801137175
524	-0.01149798959996049
525	-0.010610338644067996
526	0.009931182427587238
527	0.007253406153751193
528	-0.010129286536409798
529	0.0090122271692799
530	0.0007069867660975237
531	-0.013588238967234429
532	-0.010442989977169123
533	-0.00483156644199381
534	0.003900466578442251
535	-0.015462493945798917
536	-0.012733227152908491
537	-0.011020362249243588
538	-0.002934308912888756
539	0.0005862592719719928
540	0.002443392766401098
541	0.008859798821341741
542	0.0059789467817231825
543	0.006239488562611311
544	0.00338893449652076
545	0.01091040401389676
546	-0.00038360441110751273
547	-0.00039512938923147163
548	-0.01030220197784145
549	0.0005879216785860033
550	0.014253115024388738
551	0.0008537408865662372
552	0.022151325449658373
553	-0.004402371603594859
554	-0.02822050138983151
555	-0.014604075765821511
556	0.012034383382681252
557	-0.01754123607889188
558	0.021156420239465762
559	-0.0001599736999230628
560	-0.019270782798674838
561	-0.00615056996946628
562	0.0008102985320490721
563	0.014231462660099682
564	0.017434752891036815
565	-0.002587930563819806
566	-0.0024916653209737355
567	-0.004612318348617368
568	0.0026895409628365113
569	-0.011595238521193306
570	-6.655988049669718e-05
571	0.0006900743251968725
572	0.014491072407600315
573	-0.006333119425815457
574	-0.006380411711361394
575	0.0076484671333600165
576	-0.00610713007818685
577	0.0008990952745996795
578	-0.007691594754481035
579	0.006217784121758444
580	-0.0047415456030780135
581	0.004654291454859619
582	0.0061278884697631136
583	-0.017510355645911645
584	-0.010936400550230738
585	-0.01567998475143237
586	0.011690337779502423
587	0.007901862908871503
588	0.010264676864799005
589	0.010107628395795057
590	0.0026854938399998446
591	0.006287769927740483
592	-0.0015408307502676238
593	-0.003591226886309001
594	0.007034617520606873
595	-0.006276291744494034
596	-0.004178653055742984
597	-0.02658327264413859
598	-0.021939379405445276
599	-0.01852215566261293
600	-0.014287290280179613
601	0.008742535117512341
602	0.009265813095457454
603	0.00564652270430045
604	-0.014014963224661376
605	0.0049630238760466515
606	0.0037635077751259753
607	-0.0204906620975425
608	0.01407778026521568
609	-0.002777650073650952
610	0.0002415796207770516
611	-0.001248689214545278
612	0.001104190423923586
613	-0.004364979814124753
614	-0.009591790102911526
615	0.003940911800064423
616	0.0006620671528032152
617	-0.0020909784292081277
618	-0.01727031022055647
619	-0.0016151775825506247
620	0.007314285924221482
621	-0.006916930000458505
622	-0.004235474598888434
623	0.02008964030503676
624	0.011782554110178756
625	-0.009416356681439973
626	0.0034630082679457373
627	-0.005022912814117635
628	-0.01171299572241992
629	-0.0009487321674217579
630	0.006194440343077308
631	-0.01521461537465059
632	-0.0016438279322107594
633	-0.004433376838407184
634	0.000794571389859421
635	0.004166713118332776
636	-0.000707549141198948
637	-0.004813439674685724
638	0.004463106882929818
639	-0.01077870377498147
640	-0.004532684687774249
641	-0.00641441052364066
642	-0.0031078156907237194
643	-0.00465637452737129
644	-0.017309405153015583
645	-0.006888264323616938
646	-0.012922831425042205
647	0.003679759939592051
648	-0.015388571484229362
649	0.01059444307550842
650	-0.009694632495924919
651	0.01552254169630926
652	-0.01128266928854021
653	0.008410100735655741
654	-0.013721650412756591
655	-0.010711515765542625
656	-0.011929324351243751
657	0.005103912512910626
658	0.01291044188699027
659	0.004945457691187191
660	0.011154823389251686
661	-0.011953775053191567
662	-0.013514121660904254
663	-0.002496702429679219
664	-0.0046019569847449955
665	-0.002939756778105594
666	-0.0015137786700880227
667	0.009410247762224579
668	-0.009375715854839607
669	0.004510691184977264
670	-0.010768573663320175
671	0.01957158181498134
672	0.00982487503589694
673	-0.020979261748205687
674	-0.0101786536084278
675	-0.014452589377255793
676	-0.002341512911750332
677	-0.006037188232035116
678	0.0066708784246892324
679	-0.004061270120584083
680	-0.009001280793084925
681	-0.004095073098823963
682	0.00497740276738587
683	-0.01978384271210077
684	-0.00993378862274349
685	-0.0023445823383490376
686	0.0014063423851750725
687	-0.016937728236979963
688	-0.008755797465014857
689	-0.005635354988600431
690	0.0017798121266355614
691	-0.002212527881199839
692	0.0004419660720685319
693	-0.010744496513698678
694	-0.004833152312292484
695	0.0031857242950572282
696	0.012223697835973
697	0.010103745453396963
698	0.005883273482790538
699	-0.002582898288637425
700	0.000874234141473795
701	-0.002373935895906326
702	-0.01308444576412668
703	-0.008918722213377068
704	0.005887183603796901
705	-0.0063788474458486765
706	-0.004994606225550082
707	0.0016085615517359272
708	0.015419911247972352
709	0.010090517302406453
710	0.01958355437867249
711	0.0013072560944150588
712	-0.007390911852280001
713	0.0009929803094129107
714	-0.0037828242530627836
715	-0.0018130541472976191
716	-0.028087963537215595
717	0.0003100309325617468
718	0.000685350140636099
719	0.013506312539978336
720	-0.011458528146357705
721	-0.00325323923125098
722	-0.0008855389718748491
723	0.015734223045377395
724	-0.0024466250389079593
725	-0.01965925084613225
726	-0.016663990230919783
727	-0.020029389981440396
728	0.0048955355242299645
729	-0.005132809103351074
730	-0.011200527869097872
731	-0.0033014989550771948
732	0.006745751078555194
733	0.0019508701805837606
734	-0.02102090587278177
735	0.007974466973899185
736	-0.0063222867602433066
737	-0.004148764394644909
738	0.0008883390590299533
739	0.014130477256202454
740	-0.008134982025090012
741	-0.0020091431417482283
742	-0.0025894700575266228
743	0.001807347917655983
744	-0.008609885957756242
745	-0.005514860426468044
746	-0.00562188216706067
747	-0.014792746852622319
748	-0.010742891153280407
749	-0.016511207555196708
750	-0.0032906325345167836
751	-0.01082737353825792
752	-0.0008807699975519188
753	-0.01135940423644673
754	-0.004103711494295264
755	0.010686909620678768
756	-0.012308905850286565
757	0.00919852430573403
758	-0.016653154594191602
759	-0.007565648426452109
760	-0.005847068027786382
761	-0.022556830099141136
762	-0.0038045114213739587
763	-0.018989510880410395
764	-0.00671345586074786
765	-0.005138554797912108
766	0.0058152559033505715
767	-0.00013728223107849737
768	-0.008923513253928064
769	0.00010058873298925646
770	-0.005832113844286404
771	0.011359188357893268
772	-0.005553537103151592
773	-0.008267245668222222
774	-0.001063871498010834
775	-0.000561293152466905
776	-0.009961040042594616
777	-0.008843076461392882
778	-0.0230292353161456
779	-0.008629795212858055
780	0.007945163793205277
781	-0.014230684681982173
782	0.006748299125366207
783	-0.0025762190502129243
784	0.008829306706835325
785	-0.004630301365089335
786	0.0014362728283622754
787	0.010892518677083978
788	-0.015392332901366317
789	-0.007360624143349131
790	0.005433982531793293
791	0.01490141656233447
792	0.011658762501018367
793	0.0007880552596015415
794	-0.004552518249771487
795	-0.0018228807396019453
796	0.001556280160742792
797	0.003307167037731213
798	0.009008585650737654
799	-0.013934718853485809
800	-0.006332250517044578
801	-0.003724634627015379
802	-0.006369117656795499
803	-0.008871347498999649
804	0.001318998116316798
805	-0.016571736642942776
806	0.003488654642752696
807	-0.006755943650887627
808	-0.0003591683391983732
809	-0.011210955869858458
810	-0.006865428483147229
811	-0.00043748575468297626
812	-0.016136646702331173
813	-0.007520649425196623
814	0.0036020506749300687
815	-0.002573062918973838
816	-0.011149199166836151
817	-0.013079137131596962
818	-0.001972363005413155
819	-0.016157768298643432
820	-0.020285934790613774
821	-0.012655405100507902
822	-0.008351695413639884
823	-0.013035281424541611
824	-0.02052036379491282
825	0.008431140872496922
826	0.017875480040837565
827	-0.014270603813123462
828	-0.0034215891511734835
829	-0.006755168481259502
830	-0.010719906154138634
831	0.007032033790045977
832	-0.015829529119384157
833	0.0025322508176774325
834	0.011095840371592426
835	0.005376853727958087
836	-0.012478772819238896
837	-0.006553192863180034
838	-0.005890447154775379
839	0.007271841702184187
840	-0.009182302155671196
841	-0.0011934336366129774
842	-0.008672502251074599
843	-0.011046490465884838
844	-0.008716818566987755
845	-0.018515611195161916
846	-0.011058722589102654
847	-0.021507051016593053
848	-0.007596299184091787
849	-0.004180572628360199
850	0.006873343071812824
851	-0.00788492165273697
852	-0.016441260473834856
853	3.874458170763071e-05
854	-0.0009006103616706102
855	0.00046240142429068064
856	0.00155721733638804
857	-0.01072427212683343
858	-0.005743168291635112
859	-0.0023854575011872407
860	-0.010665160509573932
861	-0.005434895058462554
862	-0.009522267086848198
863	5.9331097717195086e-05
864	-0.00047507118717238114
865	0.0011999366937843336
866	-0.002575072877809127
867	-0.0005426964047105483
868	-0.023574584747406913
869	0.006593354523646398
870	0.0009123593782379933
871	-0.005810580299680652
872	0.00594230784667358
873	0.0012331085387287635
874	0.0031041212955633564
875	-0.0012231688200736357
876	0.009062969972851801
877	-0.024116181870863267
878	0.0021677645971887893
879	0.004556454536869261
880	-0.0030812509232891736
881	0.012624637607973731
882	0.001850577822898097
883	0.010812848373089755
884	-0.010638389616945042
885	-0.004342606839927484
886	0.006653665073737353
887	-0.00944993481454267
888	0.007344613579432223
889	0.019240774730301707
890	-0.013716856985321591
891	0.003453736106635154
892	-0.01931784633508416
893	-0.01015641030942245
894	-0.011479068720659702
895	-0.011123789100185109
896	0.010139984899090026
897	-0.017424380306485812
898	0.005087790014425056
899	0.010202227915619439
900	-0.006615899004920624
901	0.007609604050662915
902	0.005451219552401575
903	0.011192972690719848
904	-0.01495842118844634
905	-0.00789601397410788
906	-0.0074082450553504065
907	-0.0001224075816077039
908	0.005256863844064814
909	0.009956984686833984
910	-0.007546823935436544
911	-0.003936646952905858
912	-0.012614377021066213
913	-0.00988620223922696
914	0.015527875253352339
915	-0.003532987597139608
916	0.002118903972824608
917	0.006583264278591516
918	0.00630313196962979
919	-0.0009641411967327639
920	-0.014279226313739946
921	-0.003127665476228788
922	-0.010299595311283908
923	0.012635060493034386
924	-0.0034379148302551886
925	0.006777736492761578
926	0.003105414213197392
927	0.005315165570667252
928	-0.011580262068961893
929	-0.01751188359028682
930	-0.007634187060346482
931	-0.011242218466537904
932	-0.010607892692153615
933	-0.015322930095952073
934	0.0020095833707994898
935	-0.005227452211196292
936	0.005415908212858488
937	-0.0016065630426404605
938	0.0015777602444584041
939	-0.004973674281944778
940	-0.020488587855505728
941	0.004965063924891145
942	0.0003286432631185455
943	0.0037861738082191586
944	-0.007681847971743269
945	-0.0006135425944034884
946	0.0032120315811144653
947	-0.011796559037545456
948	-0.011071876195614271
949	0.010445100716288992
950	-0.003303735989906484
951	0.00030567706359307186
952	-0.014839200853882696
953	0.007761643485896049
954	-0.011202693941434139
955	-0.00010778132410058233
956	0.0008137324149210054
957	-0.007640144862250645
958	-0.001277584560087949
959	-0.00842716430050708
960	0.007590669245105659
961	-0.009039422821030341
962	-0.005561332530201962
963	-0.010866130900916062
964	-0.010041671231727218
965	-0.01336569775074778
966	0.0013294155669836888
967	-0.011637118558877741
968	-0.0032011538867597845
969	-0.013670921920529537
970	-0.002134389345906761
971	-0.020700540220479808
972	-0.005018291302086063
973	0.010038820266429894
974	-0.003569997126638411
975	0.00016454720537662198
976	-0.010432738987593533
977	-0.00890468032748516
978	-0.00767163210488363
979	0.0056255768775951365
980	-0.026183542464614015
981	-0.013307302819478702
982	0.009001544103903558
983	-0.01625731592860128
984	-0.009740752821424573
985	-0.0005220426907788391
986	-0.007391075216065632
987	-0.009961541258358048
988	-0.005730603037091868
989	-0.0028389917709108255
990	-0.008258434075932714
991	-0.0018661426934924333
992	0.005304862730269313
993	-0.003339354978547433
994	0.00510442081297234
995	-0.004543127242219782
996	-0.01593506304446649
997	-0.005952405849931409
998	0.0020731894242452006
999	-0.0049247724896410395
1000	-0.015752776898935946
1001	-0.005930409684713044
1002	0.006620341437577027
1003	-0.004381508172523754
1004	0.0005404249111107888
1005	-0.008541774197649777
1006	-0.00554867415730499
1007	0.009961742158301454
1008	-0.0026526117342239234
1009	0.0041635207987452405
1010	-0.008391671298840902
1011	-0.005753449271628084
1012	0.014411962928394818
1013	-0.0025386428332867974
1014	0.005868454528386429
1015	0.0016671265791978157
1016	-0.01085653754933953
1017	-0.009725413121300706
1018	-0.013470578735245336
1019	0.003783111426082008
1020	-0.0196302463014763
1021	0.008165288998399016
1022	-0.009135448814442015
1023	-0.0020883368125604587
1024	-0.002565146162526247
1025	0.006894722637502321
1026	0.0022683722161072565
1027	-0.02485237234202299
1028	-0.005748453357419977
1029	0.00012656738595170016
1030	-0.0016198852049913715
1031	-0.020405755079593076
1032	-0.0159246733334418
1033	-0.001162377214923786
1034	-0.008970891454019258
1035	0.003278501131828455
1036	0.001103461989417877
1037	-0.0005434274385628159
1038	-0.01890813274597207
1039	-0.004481093786802577
1040	-0.0177838766878675
1041	0.013147856371941111
1042	0.01929399868485767
1043	-0.009276655690334276
1044	0.0024517552526882613
1045	-0.008113344363873636
1046	-0.003888488523921971
1047	-0.005482732104636301
1048	-0.015934126795025188
1049	0.0030620023404172654
1050	-0.008028080787282482
1051	0.00917440352493524
1052	-0.015950759791232016
1053	-0.015108531639635063
1054	0.0028979813981473493
1055	-0.014848716497280118
1056	0.0017776341231989993
1057	0.007093337901352163
1058	0.0017971846883940885
1059	-0.004864001808733027
1060	-0.013400083171841251
1061	0.010619380233711619
1062	-0.0035317553508436377
1063	-0.007248755700336098
1064	-0.01730145916968791
1065	-0.007661005166138534
1066	0.01648666063426977
1067	-0.009962969109632213
1068	0.0019689521315718705
1069	-0.010727944525480003
1070	-0.0026486005640350596
1071	0.01011036491349007
1072	0.014443935246276587
1073	0.0034447437087122257
1074	0.010909174695600363
1075	-0.009045194787914063
1076	-0.008063527266288797
1077	0.005312609055231627
1078	-0.014021332686042748
1079	-0.0011122061912410505
1080	0.008125883688026116
1081	-0.016922529598713015
1082	-0.016211117154623304
1083	0.0018708123017346582
1084	-0.001137980431988492
1085	0.004725763028080142
1086	-0.002432988096684719
1087	0.009472541112460917
1088	0.0023325225255822115
1089	-0.0016992824082908413
1090	-0.006340150601821139
1091	0.003042561741192488
1092	-0.02103697357584678
1093	0.0028386391494657987
1094	0.002733271974291051
1095	-0.014990706951670022
1096	-0.0054815027797004475
1097	-0.005872084696780675
1098	0.013202322621607901
1099	0.010027981084232846
1100	-0.009588064648381555
1101	0.004397357148709192
1102	0.011702885452769327
1103	-0.0036736913285068157
1104	0.010915931781632525
1105	-0.009451614865507841
1106	-0.007622498067770321
1107	0.004620029411435179
1108	0.01319171997662796
1109	-0.00764735760742705
1110	-0.006340758596616571
1111	0.0009014416546102554
1112	-0.010883002230312522
1113	-0.006102052664670934
1114	-0.007527425576423275
1115	-0.005279314304019458
1116	-0.007044855546646944
1117	-0.009900998430260249
1118	0.011101948135542685
1119	6.351304464298694e-05
1120	0.007313955332487519
1121	0.0022166468031008346
1122	-0.00575425518857144
1123	-0.01804745703516837
1124	0.0016162895584424164
1125	0.0023697548353477514
1126	0.009071657828941718
1127	0.011312097755746407
1128	-0.018067396171136563
1129	0.0008007164343484436
1130	0.014102462375401761
1131	-0.0041191546603631815
1132	0.00018204330083136753
1133	-0.028369078163475833
1134	0.003285700252843588
1135	-0.005407637523673545
1136	0.0024703654320617015
1137	-0.007658351329574285
1138	0.022783785756342705
1139	-0.0038733220637727677
1140	-0.008275938547059703
1141	-0.005616865182542719
1142	0.0003949019314688197
1143	-0.020441920239745982
1144	0.004065850773410746
1145	0.005638338530531425
1146	-0.004994355818511874
1147	0.014617688125463314
1148	-0.010184129946946598
1149	0.0011088060899151968
1150	-0.024271464374356788
1151	-0.005995950667834949
1152	-0.00805666053961961
1153	-0.0031658854380947786
1154	-0.009053285866567453
1155	-0.020890110568319162
1156	-0.016182427001431576
1157	-0.0028429247050839206
1158	0.0025485437941244644
1159	-0.007081357376954693
1160	-0.00840527542223901
1161	-0.01146882564199452
1162	-0.00803726563644257
1163	-0.014142102091726774
1164	0.00043749217171605136
1165	0.0026563423011340985
1166	-0.006684395066630748
1167	0.011516580840289082
1168	0.014137314533569827
1169	-0.013730314698781929
1170	0.010189544422345188
1171	0.003382655799806386
1172	0.01349032229279315
1173	-0.005292583247820329
1174	0.007955381110785791
1175	-0.0035814551027041415
1176	-0.0030110607216907695
1177	-0.0005074086252728594
1178	-0.007488714593676718
1179	-0.006140384620860681
1180	-0.011606268571117542
1181	0.0028430149751115345
1182	-0.0037792242875484736
1183	0.012590868590545212
1184	-0.007917356880047638
1185	0.008343448988342548
1186	-0.021003958017029156
1187	-0.00018859603108389413
1188	-0.00318122357130731
1189	0.0021037827871177622
1190	0.005082004635842614
1191	-0.002147673723120341
1192	0.004041253860708804
1193	-0.011220131729196732
1194	-0.0015897064760717738
1195	-0.0018905273129465128
1196	-0.010604184779063256
1197	-0.005738342098490618
1198	-0.00682244325509382
1199	0.011022463812636909
1200	0.010774782317106017
1201	-0.005481473516303367
1202	-0.003916874254790876
1203	-0.009505052647025728
1204	-0.004425338812317465
1205	-0.019791364507300003
1206	-0.009125650771793377
1207	0.011206130841938283
1208	-0.01113210354005753
1209	0.00076355839684415
1210	-0.004873172967337295
1211	-0.00833314144057115
1212	-0.0010653520433181092
1213	0.002447630717128223
1214	-0.0028088029765777336
1215	-0.0029165320016927678
1216	-0.006710550959839378
1217	-0.012557717586849435
1218	0.003753751056444083
1219	-0.0027017751608839555
1220	-0.0016315899563135278
1221	-0.002407026613352417
1222	0.01262936586915976
1223	0.012489092815988067
1224	0.014011600646214388
1225	-0.0016456181284115227
1226	0.00020002893324853034
1227	-0.010151846527450463
1228	-0.002189479086856513
1229	0.023173641735352232
1230	0.017515709625917725
1231	-0.005313741125433405
1232	-0.010991287635101286
1233	-0.008932532598078344
1234	-0.007021973488932293
1235	0.0038220400733953715
1236	-0.017348749323968855
1237	0.003263281177591837
1238	-0.010827597437272794
1239	0.009460734259602673
1240	-0.007957667622832334
1241	0.005823572633834903
1242	-0.01911298124950892
1243	-0.010363227998902593
1244	0.0007029663604270174
1245	0.00858782515744529
1246	-0.015238867985144386
1247	-0.021211760321059172
1248	0.0036154185798049016
1249	-0.025194060148648695
1250	-0.007461049675219399
1251	-0.002498634109342283
1252	-0.0072925087049847005
1253	-0.003026471211681834
1254	0.010333967629413309
1255	-0.013910403865314062
1256	-0.008762009667589296
1257	-0.026385874711049487
1258	0.027464472463396356
1259	-0.00954990568982637
1260	-0.0077628290435457865
1261	0.011234720261321616
1262	0.012946399995744887
1263	0.012362785198705858
1264	-0.00037770105605252995
1265	-0.008171531397213936
1266	-0.009392843238130591
1267	-0.02152523408315821
1268	-0.015384266916532387
1269	0.002347737573261724
1270	0.009688733230774101
1271	-0.0018920143848378673
1272	-0.00876152799838083
1273	0.002677886014064894
1274	0.004228620580135754
1275	0.0014594252413571134
1276	-0.014108676845350018
1277	-0.0058393009877250575
1278	0.006668404520670097
1279	0.0023961103338061007
1280	-0.004086394189399403
1281	-0.007856505765464313
1282	-0.0010304973621572144
1283	0.00343616853080991
1284	0.006559750184615562
1285	-0.0016270270142325733
1286	-0.003647866926678275
1287	-0.0023168343005569364
1288	-0.019992851959464472
1289	-0.011486619102031624
1290	-0.015184740374230789
1291	-0.002978932851341954
1292	0.011567193354519492
1293	-0.019506066141461175
1294	0.0008865355274842018
1295	-0.011881489745069647
1296	-0.0037891703767604927
1297	-0.0006871250262540673
1298	-0.003467783055111355
1299	-0.006266701516780989
1300	-0.025362236227725876
1301	-0.013077994498022579
1302	0.011183465678613681
1303	-0.0016180688958148356
1304	-0.019301720506912003
1305	0.004599396147024288
1306	0.0012945816706360807
1307	-0.02710388084086873
1308	-0.014092455279559208
1309	-0.006553344239430003
1310	-0.0025018986363206175
1311	-0.01674439013796376
1312	-0.004186114458461254
1313	0.0014650646946819852
1314	-0.004922530315873726
1315	-0.015920044840023493
1316	0.014518056705585747
1317	-0.006426565619223483
1318	-0.006416760010916087
1319	-0.009484411538098978
1320	0.009737905006548557
1321	-0.019122044184999763
1322	0.004472134313936058
1323	-0.015283004999260634
1324	-0.0041825039793702504
1325	-9.38396408606865e-05
1326	-0.007099608726992858
1327	-0.0025196036289420903
1328	-0.0025903245719594704
1329	0.0009355853862696868
1330	-0.0003429472182510361
1331	0.001674379835007752
1332	-0.01668921694238676
1333	0.0051295968720385604
1334	0.00018160755009237638
1335	-0.0005456692537995692
1336	-0.008300122986951224
1337	-0.00575332083137476
1338	0.009735732135410565
1339	0.012328264697904252
1340	0.01243579069845034
1341	0.006077445490691581
1342	-0.009829742343865352
1343	-0.0036413283716617705
1344	-0.0025762872473730184
1345	-0.006947242029712348
1346	-0.006763151452989925
1347	-0.0024791233244406954
1348	-0.0024136081090429134
1349	0.01581080337366027
1350	0.0032919094643436343
1351	0.004498961675128117
1352	-0.030545411886703875
1353	-0.020357370524057228
1354	0.011656045204545032
1355	0.009711423036435235
1356	-0.0013359544772110258
1357	0.007033422720836038
1358	-0.006383900645272895
1359	-0.013959594746119738
1360	-0.02033658709509687
1361	-0.0012626257787655144
1362	0.006716527109876912
1363	0.0020270583029920243
1364	0.0074959319200769425
1365	0.0059131522179036704
1366	-0.004966571194004035
1367	-0.003017188105229994
1368	-0.004024486292712135
1369	-0.014850986108594439
1370	-0.0007836421965734967
1371	0.0067878162076411295
1372	0.00965036040873999
1373	0.012911094303058116
1374	0.014989392127154836
1375	-0.003055435172670252
1376	-0.01726402170408843
1377	0.016953711841390606
1378	0.006000486361593358
1379	-0.0107603332533689
1380	-0.011520671119582021
1381	-0.0070148198282642535
1382	-0.00650333953409029
1383	0.0057914718026658065
1384	-0.007870351213126448
1385	0.0021187492868064146
1386	-0.00512385192773592
1387	0.010038599278815957
1388	-0.013106287004306478
1389	0.0036495406070865552
1390	0.002156611800343731
1391	-0.005469143046161159
1392	0.022083295766492286
1393	-0.004295088733244506
1394	-0.003850251432262567
1395	0.0013636691119059711
1396	-0.017584816461035116
1397	0.0020563308359625235
1398	-0.0066541015315782805
1399	-0.0028213803614049178
1400	-0.004933387042830113
1401	-0.0015093500840146293
1402	-0.0004933381897252635
1403	0.015733052433140438
1404	-0.009458344069149523
1405	-0.014024731081028715
1406	-0.0003472671662450802
1407	-0.006593032158196946
1408	-0.009984870758891611
1409	-0.013287595254415417
1410	-0.0012896327305707634
1411	0.008856661114589756
1412	-0.018949398823310926
1413	-0.0013714817517429395
1414	0.0015330022155758375
1415	0.002642282409040743
1416	-0.019905163547744964
1417	0.002150211100327473
1418	0.003506777565816446
1419	0.012908915725308714
1420	-0.015853865745539132
1421	0.004335126083198439
1422	-0.014582442470046674
1423	-0.005127517179009389
1424	-0.0017260946580837497
1425	-0.006511425141832914
1426	-0.005481105547758544
1427	0.013846393797723358
1428	-0.004789873504145958
1429	0.009232729136976361
1430	0.0063779023061773825
1431	0.005424780659071069
1432	0.0035629495511793454
1433	-0.01633149549309922
1434	0.0013607954894691047
1435	-0.008925943789028373
1436	-0.0007595404212141047
1437	-0.008891462417853697
1438	-0.01969885544638077
1439	-0.021467719121991725
1440	0.0023042571680290352
1441	-0.008264593587793771
1442	-0.0032857526215434116
1443	0.0006465217391312033
1444	-0.017107037863537615
1445	-0.014092688221511534
1446	-0.01295907931280206
1447	-0.00314441853037724
1448	-0.0005481048382052619
1449	-0.013096111784189195
1450	-0.0023790328061812946
1451	-0.0211377232293023
1452	-0.02601654236245328
1453	-0.012271494809717233
1454	-0.008621528683291552
1455	0.014588555887492704
1456	-0.008666879286835752
1457	-0.0027809267840288657
1458	0.002044613117785121
1459	0.0066946171646187266
1460	-0.012541647951703072
1461	0.009595228417619546
1462	0.01918126457976716
1463	0.024334091171292656
1464	-0.014470752429184422
1465	-0.0035281073023975843
1466	-0.002798264491969361
1467	-0.009725479080964529
1468	-0.0037013586637256856
1469	-0.005035085856146813
1470	-0.0037056666009459764
1471	-0.012423254634270173
1472	-0.0020922431192000332
1473	-0.00677828593420503
1474	-0.0020612055602019603
1475	0.00047721137227433826
1476	-0.01860456932294062
1477	-0.004834820714334189
1478	0.0013112282843647256
1479	-0.001489810500477798
1480	-0.01382807960856513
1481	-0.001724409498058101
1482	-0.007720177610763286
1483	-0.005289510607725495
1484	0.0064272099218775506
1485	-0.0011366614810521412
1486	0.004904391258934784
1487	-0.008417981061414784
1488	0.0024678739899226814
1489	-0.015943915592233
1490	0.0039085027156070765
1491	-0.0008809393700441542
1492	-0.01582019832836786
1493	-0.0029242382276677484
1494	0.020776376933143548
1495	-0.0014780755894321614
1496	0.006353956458414233
1497	-0.007550505622680398
1498	-0.008790462350720517
1499	0.0007710972156055192
1500	-0.0026213648498142885
1501	-0.004030933366000522
1502	-0.001610026666950221
1503	0.00010724999840958292
1504	-0.007618217060178744
1505	-0.024969789410619076
1506	-0.001810519966987979
1507	-0.006018100456758737
1508	-0.017816810651105224
1509	0.0036654477780934135
1510	-0.012353657229755139
1511	-0.0077258690676179674
1512	-0.0024862076160848674
1513	0.010434538933833686
1514	-0.01273399831230591
1515	-0.00464943888316116
1516	-0.0006209711849360808
1517	-0.00933337968328991
1518	-0.004518707629519119
1519	-0.006707589683320093
1520	-0.014999212903296748
1521	-0.008259476865385645
1522	-0.01480583080793324
1523	-0.0031223310726552203
1524	-0.015359102270688988
1525	0.009164911630867677
1526	0.009687028344928208
1527	-0.03249268034563753
1528	0.0025583072883699916
1529	0.0008313065770854218
1530	0.010267926964242035
1531	0.008457809371453712
1532	0.00653485263076031
1533	-0.011287470587048888
1534	-0.01270151893262075
1535	2.985474012344472e-06
1536	-0.0010850353245754208
1537	0.007604556345387552
1538	-0.0014890780789794747
1539	-0.0043994813692420556
1540	0.0025532560243468503
1541	0.004462058957858591
1542	0.006555127328094391
1543	0.009558610333777778
1544	-0.02455446424061341
1545	0.0024150489072539607
1546	0.0011266902050682953
1547	-0.012442237678786359
1548	-0.004666607982146723
1549	-0.006103188599035412
1550	-0.0033523535571089343
1551	-0.013896890891671329
1552	-0.0011690353797187156
1553	-0.013882147763160893
1554	0.012408759811410496
1555	-0.006975221747960361
1556	0.0031250843582933596
1557	-0.007725432148334929
1558	0.0016838007533033822
1559	-0.011921669292227273
1560	0.0013394934062172556
1561	-0.007186642119978231
1562	-0.0033839296522459317
1563	0.008706835897699453
1564	-0.008911381728409822
1565	0.010067987889374921
1566	0.001061020343489049
1567	-0.0070097644079424
1568	-0.0110924754626968
1569	-0.013750780877992768
1570	-0.0007799530499021618
1571	0.005967777472554009
1572	-0.01462498870066769
1573	0.0007443143420804232
1574	-0.013736297006913801
1575	0.014202402589683144
1576	-0.0011887493950123486
1577	-0.009610262789135007
1578	-0.02058458805795519
1579	-0.011075997368290447
1580	-0.006235608103369317
1581	-0.012888059557801172
1582	-0.022523748391435224
1583	-0.0030809066775163915
1584	-0.0015965514020910895
1585	-0.004110731821431784
1586	-0.00598768625625453
1587	-0.003905002398350302
1588	-0.005960861849619862
1589	0.013301950715118607
1590	0.003845143294669513
1591	-0.009275224751713622
1592	0.0018098623621861966
1593	-0.0049884300884941776
1594	0.009159233290255977
1595	-0.01600197488578246
1596	-0.01461759977423814
1597	-0.015804496545575863
1598	-0.008621422130001014
1599	-0.0038147950040332175
1600	0.0035127267530279914
1601	0.0052523487558544125
1602	0.0009817192330190629
1603	-0.0056674574198781365
1604	-0.002829196108506738
1605	0.00611732722178392
1606	-0.004743651455559141
1607	-0.0018030021521419051
1608	-0.02486023919300849
1609	0.0036050192515299185
1610	-0.0024569593503217034
1611	-0.009011630481476011
1612	-0.004588920999495087
1613	0.00634963268277449
1614	0.007921779005931499
1615	-0.00954446338183321
1616	-0.0054669038667879664
1617	-0.008841937303573093
1618	0.004079002066072362
1619	-0.013283411033476352
1620	0.017257597722823877
1621	-0.00778152836755925
1622	-0.0010657182856046812
1623	-0.00048656907632071007
1624	-0.0018759035419152182
1625	-0.00022780139427515449
1626	-0.015942378170036086
1627	0.0003539007517782985
1628	-0.017570883664705488
1629	-0.00014925028989955905
1630	0.009546060565762883
1631	-0.004101037520264572
1632	-0.002990158947768129
1633	-0.008537886926327147
1634	-0.004636579361341226
1635	-0.0051634142844531996
1636	-0.0005408701097939764
1637	0.002040537206272392
1638	0.013492107828096636
1639	-0.003612683917837508
1640	-0.009767044630912644
1641	-0.01537860476955097
1642	-0.006595054844867109
1643	-0.003349101389475731
1644	-0.0018036324223082295
1645	0.0055787055168855975
1646	-0.0008440183477977134
1647	0.004425171982736422
1648	0.005918484818865258
1649	0.009958434113016558
1650	-0.005754751364988669
1651	0.015488900209528754
1652	0.013847396883236517
1653	-0.005542156118203852
1654	0.011125870104506604
1655	-0.004537882368374616
1656	0.005257118384163642
1657	0.016695252807680864
1658	0.006938205077727909
1659	-0.0004113144347010917
1660	0.006549138875147092
1661	0.008204088979717594
1662	-0.0014604797859647876
1663	-0.0015968323738595205
1664	-0.014471943670207477
1665	-0.0017292559216214047
1666	0.0009360108458537204
1667	-0.0024797286468555666
1668	-0.03286090221553901
1669	-0.0019171316282936418
1670	-0.009670820907897237
1671	0.00030950131321063386
1672	0.003074492947570066
1673	0.013982702083855861
1674	0.01708644244069942
1675	-0.008621267666404557
1676	-0.002273787428485332
1677	0.007337094964531845
1678	-0.011355887128008738
1679	-0.005023613233443768
1680	0.005094309232029423
1681	-0.004978322989183257
1682	-0.010043136147757868
1683	-0.007299712081890368
1684	-0.0107755362106012
1685	-0.0012226805578865422
1686	-0.00955355100613677
1687	-0.012833193357335732
1688	0.01183838059823164
1689	-0.0068867311838683755
1690	-0.005569345728050415
1691	-0.002300876653094875
1692	-0.00046824929674153305
1693	0.006272429626745956
1694	0.013131308855395252
1695	0.01179282445376512
1696	-0.0023620299823822978
1697	-0.0022414755390069677
1698	-0.015356426112277664
1699	-0.0128138442431588
1700	-0.012830061968025
1701	0.006226937121453802
1702	-0.0006833145568249661
1703	-0.005976454410060488
1704	-0.01780272253136974
1705	0.018032215349996158
1706	0.0033404471954217065
1707	0.01621969079549183
1708	0.015584943332733841
1709	-0.006729644239223796
1710	-0.007895468194323758
1711	-0.006113210278440458
1712	-0.014064509299700819
1713	-0.01705457677901974
1714	-0.0019928595468508446
1715	0.011546243786481392
1716	0.0033450742248402267
1717	-0.013698828349155616
1718	-0.01687585187106359
1719	0.01092712429901599
1720	-0.007503646551601714
1721	-0.006040007985255371
1722	0.0019731693937578036
1723	0.0024024095663542056
1724	-0.013584837664167255
1725	0.0033954621296341
1726	0.016790766736459944
1727	-0.006310197272433201
1728	-0.015415166544176484
1729	0.006812379664130278
1730	0.004308292119068571
1731	0.00016081495536465236
1732	-0.010031130844915042
1733	-0.005737196872209131
1734	0.0072918489257614676
1735	-0.005356997591814491
1736	-0.0037912600787677925
1737	0.009391283102358766
1738	-0.004378172394236112
1739	-0.0031804945093731212
1740	-0.001379040787644209
1741	-0.00241582508275949
1742	0.003814324568782292
1743	0.008108581942692605
1744	-0.017422544188495846
1745	-0.007906904857739544
1746	-0.008899313081848369
1747	0.015282833857353692
1748	-0.0010521438870457625
1749	-0.010784200466748991
1750	-0.013075396243654282
1751	-0.007144439358313786
1752	0.007713631968128771
1753	-0.0075522703598916874
1754	0.009924653114691831
1755	0.0068338940705075365
1756	0.008789785013459036
1757	-0.012082361022630356
1758	0.016020045655928666
1759	-0.008157808138758422
1760	-0.0010711936614025293
1761	-0.017595335794136087
1762	0.013900253118227212
1763	0.006103750904422561
1764	-0.00038911669895438423
1765	-0.0005731410736728841
1766	-0.01069401195504139
1767	-0.0016436853001227764
1768	0.01417974040747375
1769	-0.0016530043061067808
1770	-0.0016215207716093075
1771	-0.010827376715237048
1772	0.009771987960638646
1773	0.003619279266750468
1774	-0.006356560230169477
1775	-0.005355580742116948
1776	0.0018228990246604954
1777	-0.028569890207140444
1778	0.00626675574452816
1779	0.002841464164453992
1780	-0.00802059349069045
1781	0.02121829590159992
1782	0.007096795463839681
1783	-0.014523067598403909
1784	-0.001407781473726506
1785	-0.004854005412371903
1786	0.010901285844781342
1787	0.006702646811716473
1788	0.003896153847535587
1789	-0.004763785970764064
1790	-0.012650907948784672
1791	-0.004585858142636918
1792	-0.0011033762873351731
1793	0.007411556021995419
1794	-0.009943415204791353
1795	0.005798010195015669
1796	-0.0003463617570713768
1797	-0.013956637868239266
1798	0.013588277794766165
1799	0.0028118420343101326
1800	0.003079729279756617
1801	-0.0015845326809100905
1802	0.002555445441006233
1803	0.012154874953739247
1804	0.01563706272434931
1805	-0.012511625047468167
1806	0.0070016730404727275
1807	-0.007135899319726058
1808	0.006315696722894195
1809	-0.0012523044043294702
1810	0.0026669655649409563
1811	-0.014825386316202435
1812	0.009058752123074117
1813	0.0060286886941217374
1814	0.01223573660830753
1815	-0.008230417229853397
1816	-0.005845486054847682
1817	0.005207450076761123
1818	-0.0016493590860684772
1819	0.005570200780279102
1820	-0.012170441079190542
1821	-0.003602849879384611
1822	-0.01637113861878428
1823	-0.0028667996003132294
1824	-0.00040587411190491955
1825	-0.00030999244032247844
1826	-0.005028556506734404
1827	-0.016789743002242324
1828	-0.002546212263254574
1829	-0.010271137349786111
1830	-0.0017965639392059634
1831	-0.0018060159965446582
1832	-0.015550634710214171
1833	0.002864026233644013
1834	-0.0006718687210023575
1835	-0.002543773525107846
1836	0.004860583684607089
1837	-0.015107282197151132
1838	-0.003040614329341249
1839	0.0012635035910452948
1840	-0.006949730440940247
1841	-0.030551130319663455
1842	-0.01259711481700583
1843	-0.0023452409656268608
1844	-0.014267459815488045
1845	0.00798361968477826
1846	-0.015955332297447625
1847	0.005636714247666941
1848	0.013901049421240002
1849	0.01073993622407992
1850	-0.0015481867748788566
1851	-0.002612981462523379
1852	0.0081033823798068
1853	-0.012754307614478468
1854	-0.006579357759489388
1855	9.485807015391484e-05
1856	-0.001623924436835995
1857	-0.001960505825487442
1858	-0.0035549001517035344
1859	0.027679426376502878
1860	0.015538256621902058
1861	-0.003675423731573174
1862	0.0020627277680881763
1863	0.0031515136576116634
1864	0.010379762701300668
1865	0.010435110003301187
1866	-0.008967710932742923
1867	0.0010605589544953043
1868	-0.006895749512182069
1869	-0.018851073125255996
1870	0.005353482760709499
1871	-0.004193748148392421
1872	-0.007612641119878597
1873	0.01188670209554542
1874	0.0008496165634687523
1875	0.006464943430807883
1876	0.006457285121778276
1877	-0.002853551278659002
1878	-0.02155059136946323
1879	0.010039489002277668
1880	-0.012183535365493148
1881	-0.015623689849842548
1882	-0.019597334089092536
1883	0.0017026581760148116
1884	0.00877244817528712
1885	-0.004637677135439177
1886	0.00023885942286196407
1887	0.0021893522633104354
1888	0.019795664596684706
1889	-0.004183214991946535
1890	0.007176067921742428
1891	0.01548448006884188
1892	0.0007265205135535758
1893	0.012375459410022282
1894	0.0015376065778956321
1895	0.0032743517049523287
1896	0.01360523658902058
1897	-0.002750313024751124
1898	-0.005626031185610325
1899	0.002372036772809929
1900	0.0030569717748944983
1901	-0.008621139329062782
1902	-0.00024854547118684516
1903	0.0049426655249016765
1904	0.0019058521572902394
1905	0.005029454974358102
1906	-0.0034970146724415795
1907	-0.004698374098480419
1908	-0.010469546216223964
1909	0.006622331451490063
1910	-0.009431974956489083
1911	-0.002753661381485906
1912	0.00046377642550454826
1913	-0.005947643010464724
1914	-0.006820666151897944
1915	0.006870442609379883
1916	-0.009996616044085391
1917	-0.0047497519559458355
1918	-0.006308150381630525
1919	-0.007668425321243789
1920	-0.001816941182919604
1921	-0.019913995675868202
1922	-0.0018696242310512743
1923	-0.0008278540240665592
1924	-0.013376111941442358
1925	0.003325577651691663
1926	0.0048667873123256385
1927	-0.005647568152855033
1928	-0.006146663274418598
1929	-0.01378745917173049
1930	-0.019997213098636165
1931	-0.00626939835709405
1932	-0.0033697357991925763
1933	-0.005219248580504942
1934	-0.010367962013176215
1935	-0.01577453747969897
1936	-0.008962806081977281
1937	-0.008585610258558342
1938	-0.0032844023854959902
1939	0.0029133051503007594
1940	-0.0065200901847561
1941	0.011904993381904273
1942	-0.018021938333757707
1943	0.007127887150993102
1944	-0.004938932272332031
1945	-0.0004664711743893442
1946	-0.00588910694762445
1947	0.006874180575962446
1948	-0.01800950845105861
1949	0.003747674544407622
1950	-0.013414530904367679
1951	0.006174656298134054
1952	0.008144075853964093
1953	-0.004832096599140763
1954	0.005305945446083752
1955	-0.012833379590723462
1956	0.005370947375189257
1957	-0.005339460428012011
1958	-0.02695463090618
1959	-0.005227275555222128
1960	0.005134332074774593
1961	-0.010989353083874016
1962	0.017446786109467396
1963	-0.0066736700000632684
1964	0.01995856864986627
1965	0.003310066092599734
1966	0.007823230680317296
1967	-0.006234274837768393
1968	-0.007184917780529741
1969	-0.008809071354910455
1970	-0.009017235917554158
1971	0.010165958950910286
1972	-0.009340797102939783
1973	0.009852454793387122
1974	-0.015804268888629566
1975	0.0030779409260045638
1976	-0.00031797422359049123
1977	0.004777049705912636
1978	-0.024280594345103133
1979	0.010190076733995228
1980	-0.0026295320664157253
1981	-0.019505885143283566
1982	0.004981495725698826
1983	-0.00877933378788552
1984	-0.010430734848240386
1985	-4.2850559991471994e-05
1986	-0.007828296813399487
1987	-0.0010770548824772799
1988	0.00017284655708798533
1989	-0.011740066419630811
1990	0.001985225511668027
1991	0.0030507040897159296
1992	0.0023761445105492953
1993	-0.005397986080187141
1994	0.005267006315071241
1995	-0.011485442056162955
1996	-0.01023990525476207
1997	0.0034235037076825892
1998	-0.010702694363458635
1999	-0.009289278558746644
