context,context_gene,dep_gene,pair,ky_pos,ky_evaluable
DEL:ELAVL2,ELAVL2,ELAVL1,ELAVL1|ELAVL2,19,True
EXPR_LOW:COPZ2,COPZ2,COPZ1,COPZ1|COPZ2,69,True
EXPR_LOW:TEAD3,TEAD3,TEAD1,TEAD1|TEAD3,7,True
EXPR_LOW:RGPD5,RGPD5,RANBP2,RANBP2|RGPD5,9,True
EXPR_LOW:SAMD4A,SAMD4A,SAMD4B,SAMD4A|SAMD4B,34,True
EXPR_LOW:BIRC3,BIRC3,BIRC2,BIRC2|BIRC3,44,True
EXPR_LOW:VRK2,VRK2,VRK1,VRK1|VRK2,19,True
EXPR_LOW:CTPS2,CTPS2,CTPS1,CTPS1|CTPS2,10,True
EXPR_LOW:CDK14,CDK14,CDK2,CDK14|CDK2,66,True
EXPR_LOW:CDK14,CDK14,CDK6,CDK14|CDK6,66,True
EXPR_LOW:CDK14,CDK14,CDK1,CDK1|CDK14,66,True
EXPR_LOW:ATP2B4,ATP2B4,ATP2B1,ATP2B1|ATP2B4,7,True
EXPR_LOW:ERBB3,ERBB3,EGFR,EGFR|ERBB3,57,True
EXPR_LOW:RAB27A,RAB27A,RAB10,RAB10|RAB27A,1,False
EXPR_LOW:FERMT2,FERMT2,FERMT1,FERMT1|FERMT2,37,True
EXPR_LOW:TEAD2,TEAD2,TEAD1,TEAD1|TEAD2,27,True
EXPR_LOW:FOSL2,FOSL2,FOSL1,FOSL1|FOSL2,2,False
EXPR_LOW:STXBP2,STXBP2,STXBP3,STXBP2|STXBP3,20,True
EXPR_LOW:SMARCA2,SMARCA2,SMARCA4,SMARCA2|SMARCA4,10,True
EXPR_LOW:ZNF506,ZNF506,ZNF492,ZNF492|ZNF506,55,True
EXPR_LOW:ITGB5,ITGB5,ITGB1,ITGB1|ITGB5,4,False
EXPR_LOW:MACROH2A2,MACROH2A2,H2AC17,H2AC17|MACROH2A2,71,True
EXPR_LOW:MACROH2A2,MACROH2A2,H2AC20,H2AC20|MACROH2A2,71,True
EXPR_LOW:FERMT1,FERMT1,FERMT2,FERMT1|FERMT2,40,True
EXPR_LOW:SMARCA1,SMARCA1,SMARCA5,SMARCA1|SMARCA5,46,True
EXPR_LOW:MYEF2,MYEF2,HNRNPM,HNRNPM|MYEF2,70,True
EXPR_LOW:CDK6,CDK6,CDK1,CDK1|CDK6,17,True
EXPR_LOW:CDK6,CDK6,CDK2,CDK2|CDK6,17,True
EXPR_LOW:STX1A,STX1A,STX4,STX1A|STX4,1,False
EXPR_LOW:DNM1,DNM1,DNM2,DNM1|DNM2,24,True
EXPR_LOW:DNM1,DNM1,DNM1L,DNM1|DNM1L,24,True
EXPR_LOW:ACTA2,ACTA2,ACTL6A,ACTA2|ACTL6A,49,True
EXPR_LOW:ACTA2,ACTA2,ACTR3,ACTA2|ACTR3,49,True
EXPR_LOW:CPE,CPE,CPD,CPD|CPE,69,True
EXPR_LOW:CCND1,CCND1,CCND2,CCND1|CCND2,10,True
EXPR_LOW:CCND1,CCND1,CCND3,CCND1|CCND3,10,True
EXPR_LOW:SLC38A1,SLC38A1,SLC38A2,SLC38A1|SLC38A2,1,False
EXPR_LOW:STX2,STX2,STX4,STX2|STX4,7,True
EXPR_LOW:RIC8B,RIC8B,RIC8A,RIC8A|RIC8B,0,False
EXPR_LOW:AKT3,AKT3,AKT1,AKT1|AKT3,75,True
EXPR_LOW:CDK18,CDK18,CDK1,CDK1|CDK18,24,True
EXPR_LOW:CDK18,CDK18,CDK6,CDK18|CDK6,24,True
EXPR_LOW:CDK18,CDK18,CDK2,CDK18|CDK2,24,True
EXPR_LOW:ELL2,ELL2,ELL,ELL|ELL2,12,True
EXPR_LOW:PTK2B,PTK2B,PTK2,PTK2|PTK2B,8,True
EXPR_LOW:H2BC11,H2BC11,H2BC15,H2BC11|H2BC15,10,True
EXPR_LOW:H2BC11,H2BC11,H2BC6,H2BC11|H2BC6,10,True
EXPR_LOW:H2BC11,H2BC11,H2BC4,H2BC11|H2BC4,10,True
EXPR_LOW:SOX9,SOX9,SOX10,SOX10|SOX9,33,True
EXPR_LOW:RRAS,RRAS,NRAS,NRAS|RRAS,5,True
EXPR_LOW:SNRPN,SNRPN,SNRPB,SNRPB|SNRPN,80,True
EXPR_LOW:EGLN3,EGLN3,EGLN1,EGLN1|EGLN3,53,True
EXPR_LOW:ZNF331,ZNF331,ZNF492,ZNF331|ZNF492,65,True
EXPR_LOW:MYH10,MYH10,MYH9,MYH10|MYH9,28,True
EXPR_LOW:RRAS2,RRAS2,NRAS,NRAS|RRAS2,9,True
EXPR_LOW:STXBP1,STXBP1,STXBP3,STXBP1|STXBP3,3,False
EXPR_LOW:YAP1,YAP1,WWTR1,WWTR1|YAP1,15,True
EXPR_LOW:STAMBPL1,STAMBPL1,STAMBP,STAMBP|STAMBPL1,24,True
EXPR_LOW:PPP3CA,PPP3CA,PPP1CB,PPP1CB|PPP3CA,1,False
EXPR_LOW:PPP3CA,PPP3CA,PPP2CA,PPP2CA|PPP3CA,1,False
EXPR_LOW:PPP3CA,PPP3CA,PPP4C,PPP3CA|PPP4C,1,False
EXPR_LOW:PPP3CA,PPP3CA,PPP1CA,PPP1CA|PPP3CA,1,False
EXPR_LOW:MBNL2,MBNL2,MBNL1,MBNL1|MBNL2,7,True
EXPR_LOW:RAB15,RAB15,RAB35,RAB15|RAB35,11,True
EXPR_LOW:RAB15,RAB15,RAB10,RAB10|RAB15,11,True
EXPR_LOW:PCSK6,PCSK6,FURIN,FURIN|PCSK6,62,True
EXPR_LOW:SLC16A3,SLC16A3,SLC16A1,SLC16A1|SLC16A3,15,True
EXPR_LOW:RAB13,RAB13,RAB35,RAB13|RAB35,6,True
EXPR_LOW:RAB13,RAB13,RAB11A,RAB11A|RAB13,6,True
EXPR_LOW:RAB13,RAB13,RAB10,RAB10|RAB13,6,True
EXPR_LOW:EGFR,EGFR,ERBB2,EGFR|ERBB2,25,True
EXPR_LOW:EGFR,EGFR,ERBB3,EGFR|ERBB3,25,True
EXPR_LOW:VLDLR,VLDLR,LRP8,LRP8|VLDLR,49,True
EXPR_LOW:DOCK1,DOCK1,DOCK5,DOCK1|DOCK5,11,True
EXPR_LOW:SLC7A11,SLC7A11,SLC7A5,SLC7A11|SLC7A5,8,True
EXPR_LOW:NMT2,NMT2,NMT1,NMT1|NMT2,7,True
EXPR_LOW:FZD7,FZD7,FZD5,FZD5|FZD7,26,True
EXPR_LOW:MAPK13,MAPK13,MAPK1,MAPK1|MAPK13,49,True
EXPR_LOW:AGAP1,AGAP1,AGAP6,AGAP1|AGAP6,7,True
EXPR_LOW:MRAS,MRAS,NRAS,MRAS|NRAS,79,True
EXPR_LOW:ZNF714,ZNF714,ZNF492,ZNF492|ZNF714,30,True
EXPR_LOW:PKN3,PKN3,PKN2,PKN2|PKN3,16,True
EXPR_LOW:FGFR4,FGFR4,FGFR1,FGFR1|FGFR4,35,True
EXPR_LOW:ITGA5,ITGA5,ITGAV,ITGA5|ITGAV,31,True
EXPR_LOW:EIF5A2,EIF5A2,EIF5A,EIF5A|EIF5A2,27,True
EXPR_LOW:CDC25A,CDC25A,CDC25B,CDC25A|CDC25B,3,False
EXPR_LOW:LETM2,LETM2,LETM1,LETM1|LETM2,23,True
EXPR_LOW:TTC7B,TTC7B,TTC7A,TTC7A|TTC7B,24,True
EXPR_LOW:HTRA1,HTRA1,HTRA2,HTRA1|HTRA2,60,True
EXPR_LOW:CYB5A,CYB5A,CYB5B,CYB5A|CYB5B,16,True
EXPR_LOW:STX3,STX3,STX4,STX3|STX4,6,True
EXPR_LOW:SMAD3,SMAD3,SMAD4,SMAD3|SMAD4,2,False
EXPR_LOW:ZNF528,ZNF528,ZNF492,ZNF492|ZNF528,83,True
EXPR_LOW:ZNF83,ZNF83,ZNF492,ZNF492|ZNF83,31,True
EXPR_LOW:RAB4A,RAB4A,RAB11A,RAB11A|RAB4A,5,True
EXPR_LOW:RAB31,RAB31,RAB21,RAB21|RAB31,53,True
EXPR_LOW:RAB31,RAB31,RAB10,RAB10|RAB31,53,True
EXPR_LOW:PPIC,PPIC,PPIL1,PPIC|PPIL1,16,True
EXPR_LOW:ZNF354A,ZNF354A,ZNF492,ZNF354A|ZNF492,3,False
EXPR_LOW:FOS,FOS,FOSL1,FOS|FOSL1,3,False
EXPR_LOW:SMAD1,SMAD1,SMAD4,SMAD1|SMAD4,8,True
EXPR_LOW:CHD7,CHD7,CHD8,CHD7|CHD8,10,True
EXPR_LOW:ZNF738,ZNF738,ZNF492,ZNF492|ZNF738,37,True
EXPR_LOW:RAB43,RAB43,RAB11A,RAB11A|RAB43,12,True
EXPR_LOW:RAB43,RAB43,RAB10,RAB10|RAB43,12,True
EXPR_LOW:ZNF680,ZNF680,ZNF273,ZNF273|ZNF680,8,True
EXPR_LOW:JUP,JUP,CTNNB1,CTNNB1|JUP,12,True
EXPR_LOW:CCNE2,CCNE2,CCNE1,CCNE1|CCNE2,5,True
EXPR_LOW:JUN,JUN,JUNB,JUN|JUNB,3,False
EXPR_LOW:ZNF354B,ZNF354B,ZNF492,ZNF354B|ZNF492,5,True
EXPR_LOW:GATA2,GATA2,GATA3,GATA2|GATA3,40,True
EXPR_LOW:FZD2,FZD2,FZD5,FZD2|FZD5,42,True
EXPR_LOW:H2BC4,H2BC4,H2BC11,H2BC11|H2BC4,9,True
EXPR_LOW:H2BC4,H2BC4,H2BC15,H2BC15|H2BC4,9,True
EXPR_LOW:H2BC4,H2BC4,H2BC6,H2BC4|H2BC6,9,True
EXPR_LOW:RAP2B,RAP2B,NRAS,NRAS|RAP2B,5,True
EXPR_LOW:RAP2B,RAP2B,RHEB,RAP2B|RHEB,5,True
EXPR_LOW:UBA7,UBA7,UBA1,UBA1|UBA7,53,True
EXPR_LOW:ATL3,ATL3,ATL2,ATL2|ATL3,1,False
EXPR_LOW:NRBP2,NRBP2,NRBP1,NRBP1|NRBP2,6,True
EXPR_LOW:MAPK11,MAPK11,MAPK1,MAPK1|MAPK11,32,True
EXPR_LOW:MYBL1,MYBL1,MYB,MYB|MYBL1,19,True
EXPR_LOW:MYBL1,MYBL1,MYBL2,MYBL1|MYBL2,19,True
EXPR_LOW:MAPK12,MAPK12,MAPK1,MAPK1|MAPK12,5,True
EXPR_LOW:ZNF600,ZNF600,ZNF492,ZNF492|ZNF600,22,True
EXPR_LOW:ZNF431,ZNF431,ZNF273,ZNF273|ZNF431,13,True
EXPR_LOW:ZNF585A,ZNF585A,ZNF492,ZNF492|ZNF585A,32,True
EXPR_LOW:ZNF675,ZNF675,ZNF273,ZNF273|ZNF675,30,True
EXPR_LOW:ZNF695,ZNF695,ZNF492,ZNF492|ZNF695,40,True
EXPR_LOW:H2BC12,H2BC12,H2BC11,H2BC11|H2BC12,1,False
EXPR_LOW:H2BC12,H2BC12,H2BC15,H2BC12|H2BC15,1,False
EXPR_LOW:H2BC12,H2BC12,H2BC6,H2BC12|H2BC6,1,False
EXPR_LOW:H2BC12,H2BC12,H2BC4,H2BC12|H2BC4,1,False
EXPR_LOW:TEAD4,TEAD4,TEAD1,TEAD1|TEAD4,5,True
EXPR_LOW:ZNF28,ZNF28,ZNF492,ZNF28|ZNF492,15,True
EXPR_LOW:H2AC18,H2AC18,H2AC17,H2AC17|H2AC18,2,False
EXPR_LOW:H2AC18,H2AC18,H2AC20,H2AC18|H2AC20,2,False
EXPR_LOW:ZNF880,ZNF880,ZNF492,ZNF492|ZNF880,108,True
EXPR_LOW:PSMB9,PSMB9,PSMB6,PSMB6|PSMB9,12,True
EXPR_LOW:H2AJ,H2AJ,H2AC17,H2AC17|H2AJ,28,True
EXPR_LOW:H2AJ,H2AJ,H2AC20,H2AC20|H2AJ,28,True
EXPR_LOW:ZNF260,ZNF260,ZNF492,ZNF260|ZNF492,14,True
EXPR_LOW:H2AC19,H2AC19,H2AC17,H2AC17|H2AC19,5,True
EXPR_LOW:H2AC19,H2AC19,H2AC20,H2AC19|H2AC20,5,True
EXPR_LOW:ZNF595,ZNF595,ZNF492,ZNF492|ZNF595,30,True
LOF:ARID1B,ARID1B,ARID1A,ARID1A|ARID1B,16,True
LOF:ATP2B4,ATP2B4,ATP2B1,ATP2B1|ATP2B4,3,False
LOF:CHD6,CHD6,CHD8,CHD6|CHD8,6,True
LOF:CHD9,CHD9,CHD8,CHD8|CHD9,10,True
LOF:CREBBP,CREBBP,EP300,CREBBP|EP300,17,True
LOF:EP300,EP300,CREBBP,CREBBP|EP300,34,True
LOF:KDM2B,KDM2B,KDM2A,KDM2A|KDM2B,11,True
LOF:KDM5A,KDM5A,KDM5C,KDM5A|KDM5C,9,True
LOF:KDM5B,KDM5B,KDM5C,KDM5B|KDM5C,6,True
LOF:MYH1,MYH1,MYH9,MYH1|MYH9,6,True
LOF:PDS5B,PDS5B,PDS5A,PDS5A|PDS5B,12,True
LOF:SMARCA4,SMARCA4,SMARCA2,SMARCA2|SMARCA4,14,True
LOF:SOX9,SOX9,SOX10,SOX10|SOX9,6,True
LOF:STAG2,STAG2,STAG1,STAG1|STAG2,9,True
LOF:ZFP36L2,ZFP36L2,ZFP36L1,ZFP36L1|ZFP36L2,8,True
